stem,variant,system,dataset,target_recall,metric,count,avg_us,p50_us,p90_us,p99_us,max_us
a_flashanns_sift1b_ef120_pw2,,FlashANNS,sift1b,0.98,Compute,20,1988.994560,1951.716438,2175.511296,2414.615141,2414.615141
a_flashanns_sift1b_ef120_pw2,,FlashANNS,sift1b,0.98,IO wait,20,5864.747954,5322.998630,5926.423867,15904.722868,15904.722868
a_flashanns_sift1b_ef120_pw2,,FlashANNS,sift1b,0.98,Resume,20,802.401628,789.848864,894.576862,922.208056,922.208056
a_flashanns_sift1b_ef120_pw2,,FlashANNS,sift1b,0.98,CTA active %,20,67.818880,71.372800,75.628800,78.700800,78.700800
a_flashanns_sift1b_ef40_pw2,,FlashANNS,sift1b,0.88,Compute,20,1630.192134,1665.256958,1719.090411,1723.297057,1723.297057
a_flashanns_sift1b_ef40_pw2,,FlashANNS,sift1b,0.88,IO wait,20,7161.150923,6419.628919,6791.155924,24366.132920,24366.132920
a_flashanns_sift1b_ef40_pw2,,FlashANNS,sift1b,0.88,Resume,20,455.769218,456.552997,473.628701,493.506107,493.506107
a_flashanns_sift1b_ef40_pw2,,FlashANNS,sift1b,0.88,CTA active %,20,39.259840,38.604800,47.264000,71.942400,71.942400
a_flashanns_sift1b_ef45_pw2,,FlashANNS,sift1b,0.90,Compute,20,1626.357389,1643.941130,1687.867685,1697.255837,1697.255837
a_flashanns_sift1b_ef45_pw2,,FlashANNS,sift1b,0.90,IO wait,20,6410.979797,5889.284726,6253.102588,16611.832493,16611.832493
a_flashanns_sift1b_ef45_pw2,,FlashANNS,sift1b,0.90,Resume,20,479.677795,472.390961,501.580204,587.948029,587.948029
a_flashanns_sift1b_ef45_pw2,,FlashANNS,sift1b,0.90,CTA active %,20,43.311040,46.547200,56.070400,56.115200,56.115200
a_flashanns_sift1b_ef55_pw2,,FlashANNS,sift1b,0.92,Compute,20,1880.514883,1876.766136,1973.186867,2002.728026,2002.728026
a_flashanns_sift1b_ef55_pw2,,FlashANNS,sift1b,0.92,IO wait,20,7255.401366,6562.287993,7018.086822,21797.862233,21797.862233
a_flashanns_sift1b_ef55_pw2,,FlashANNS,sift1b,0.92,Resume,20,540.266021,541.310169,562.635613,585.252651,585.252651
a_flashanns_sift1b_ef55_pw2,,FlashANNS,sift1b,0.92,CTA active %,20,43.309440,46.342400,50.233600,54.739200,54.739200
a_flashanns_sift1b_ef65_pw2,,FlashANNS,sift1b,0.94,Compute,20,1902.383097,1898.468985,2244.244729,2470.376153,2470.376153
a_flashanns_sift1b_ef65_pw2,,FlashANNS,sift1b,0.94,IO wait,20,7685.622714,6201.544821,12390.166330,28943.831994,28943.831994
a_flashanns_sift1b_ef65_pw2,,FlashANNS,sift1b,0.94,Resume,20,608.882635,592.740566,779.050025,814.525419,814.525419
a_flashanns_sift1b_ef65_pw2,,FlashANNS,sift1b,0.94,CTA active %,20,48.957120,52.019200,59.654400,66.105600,66.105600
a_flashanns_sift1b_ef80_pw2,,FlashANNS,sift1b,0.96,Compute,20,1781.595454,1770.044773,1941.208119,1943.550153,1943.550153
a_flashanns_sift1b_ef80_pw2,,FlashANNS,sift1b,0.96,IO wait,20,6206.713708,5279.322016,6054.791125,23414.446436,23414.446436
a_flashanns_sift1b_ef80_pw2,,FlashANNS,sift1b,0.96,Resume,20,660.503608,657.497450,728.118614,732.028100,732.028100
a_flashanns_sift1b_ef80_pw2,,FlashANNS,sift1b,0.96,CTA active %,20,58.625600,60.883200,66.617600,70.451200,70.451200
a_plusS_pq_in_smem_sift1b_q2_ef120_pw2,,plusk_pq_in_smem,sift1b,0.98,Compute,200,2818.078575,2810.806242,2930.181928,3082.634625,3106.632359
a_plusS_pq_in_smem_sift1b_q2_ef120_pw2,,plusk_pq_in_smem,sift1b,0.98,IO wait,200,7894.580188,7899.449590,8378.439450,9214.619924,12183.833700
a_plusS_pq_in_smem_sift1b_q2_ef120_pw2,,plusk_pq_in_smem,sift1b,0.98,Resume,200,37.293236,37.572019,42.528913,49.984401,54.959153
a_plusS_pq_in_smem_sift1b_q2_ef40_pw2,,plusk_pq_in_smem,sift1b,0.88,Compute,200,1283.581956,1263.047393,1386.828067,1695.359908,2077.212976
a_plusS_pq_in_smem_sift1b_q2_ef40_pw2,,plusk_pq_in_smem,sift1b,0.88,IO wait,200,4278.813097,4173.008827,4656.172553,5681.864000,12677.452451
a_plusS_pq_in_smem_sift1b_q2_ef40_pw2,,plusk_pq_in_smem,sift1b,0.88,Resume,200,33.539666,33.121500,40.473815,57.232418,65.839407
a_plusS_pq_in_smem_sift1b_q2_ef45_pw2,,plusk_pq_in_smem,sift1b,0.90,Compute,200,1629.558691,1616.373206,1766.446016,2131.805335,2491.799308
a_plusS_pq_in_smem_sift1b_q2_ef45_pw2,,plusk_pq_in_smem,sift1b,0.90,IO wait,200,4940.698981,4805.767212,5256.805671,6411.955874,25764.807748
a_plusS_pq_in_smem_sift1b_q2_ef45_pw2,,plusk_pq_in_smem,sift1b,0.90,Resume,200,33.779448,32.443201,44.018007,66.213651,70.945901
a_plusS_pq_in_smem_sift1b_q2_ef55_pw2,,plusk_pq_in_smem,sift1b,0.92,Compute,200,1891.880818,1877.793425,2044.284591,2365.322433,2387.419502
a_plusS_pq_in_smem_sift1b_q2_ef55_pw2,,plusk_pq_in_smem,sift1b,0.92,IO wait,200,5413.907592,5336.038700,5761.317055,6380.549970,17294.699082
a_plusS_pq_in_smem_sift1b_q2_ef55_pw2,,plusk_pq_in_smem,sift1b,0.92,Resume,200,40.797190,39.599390,51.521169,93.284848,100.789805
a_plusS_pq_in_smem_sift1b_q2_ef65_pw2,,plusk_pq_in_smem,sift1b,0.94,Compute,200,2263.569239,2223.166757,2385.405086,3576.188012,5756.325216
a_plusS_pq_in_smem_sift1b_q2_ef65_pw2,,plusk_pq_in_smem,sift1b,0.94,IO wait,200,6954.748073,6772.430619,7257.182903,11517.632618,28320.886778
a_plusS_pq_in_smem_sift1b_q2_ef65_pw2,,plusk_pq_in_smem,sift1b,0.94,Resume,200,55.118848,53.453421,67.314162,103.363370,163.300006
a_plusS_pq_in_smem_sift1b_q2_ef80_pw2,,plusk_pq_in_smem,sift1b,0.96,Compute,200,1871.095057,1865.676252,1943.551067,2110.797886,2571.764902
a_plusS_pq_in_smem_sift1b_q2_ef80_pw2,,plusk_pq_in_smem,sift1b,0.96,IO wait,200,5484.175185,5444.073239,5761.627618,6085.501928,17846.403851
a_plusS_pq_in_smem_sift1b_q2_ef80_pw2,,plusk_pq_in_smem,sift1b,0.96,Resume,200,26.786718,26.289902,32.806063,41.190269,56.054808
a_quiver_sift1b_q1_ef120_pw2,,Quiver,sift1b,0.98,Compute,200,4142.366399,2784.033866,2866.339009,3150.293202,273380.683885
a_quiver_sift1b_q1_ef120_pw2,,Quiver,sift1b,0.98,IO wait,200,6434.770556,5731.411150,5997.289148,9546.057003,137594.461231
a_quiver_sift1b_q1_ef120_pw2,,Quiver,sift1b,0.98,Resume,200,103.638725,63.171926,71.119432,77.834031,8047.702884
a_quiver_sift1b_q1_ef120_pw2,,Quiver,sift1b,0.98,CTA active %,200,68.011954,68.019577,69.447092,70.686546,99.983871
a_quiver_sift1b_q1_ef80_pw2,,Quiver,sift1b,0.96,Compute,200,2939.387656,2209.148648,2300.883852,2879.476548,146222.890745
a_quiver_sift1b_q1_ef80_pw2,,Quiver,sift1b,0.96,IO wait,200,5527.904559,5077.144574,5356.150991,11091.502872,85647.964903
a_quiver_sift1b_q1_ef80_pw2,,Quiver,sift1b,0.96,Resume,200,77.895624,55.396174,60.994149,84.444579,4485.752352
a_quiver_sift1b_q1_ef80_pw2,,Quiver,sift1b,0.96,CTA active %,200,61.852328,61.657597,63.940788,66.447176,99.626111
a_quiver_sift1b_q2_ef40_pw2,,Quiver,sift1b,0.88,Compute,200,1559.019762,1546.058116,1876.234407,2314.149802,2468.672416
a_quiver_sift1b_q2_ef40_pw2,,Quiver,sift1b,0.88,IO wait,200,6239.127187,6102.993455,6837.436000,9865.606242,18996.797691
a_quiver_sift1b_q2_ef40_pw2,,Quiver,sift1b,0.88,Resume,200,56.982651,55.028943,76.319111,95.853676,99.292797
a_quiver_sift1b_q2_ef40_pw2,,Quiver,sift1b,0.88,CTA active %,151,92.418975,92.444432,92.966825,93.531592,93.561520
a_quiver_sift1b_q2_ef45_pw2,,Quiver,sift1b,0.90,Compute,200,1738.098674,1726.057978,1896.747510,2244.533880,2595.216408
a_quiver_sift1b_q2_ef45_pw2,,Quiver,sift1b,0.90,IO wait,200,7762.737200,7716.011783,8368.089201,9442.655377,12997.568711
a_quiver_sift1b_q2_ef45_pw2,,Quiver,sift1b,0.90,Resume,200,76.185566,75.662864,97.135491,126.942225,141.998882
a_quiver_sift1b_q2_ef45_pw2,,Quiver,sift1b,0.90,CTA active %,165,88.976998,89.385552,89.878973,90.876099,91.352513
a_quiver_sift1b_q2_ef55_pw2,,Quiver,sift1b,0.92,Compute,200,1819.919380,1811.044700,2050.271420,2478.415083,2795.128894
a_quiver_sift1b_q2_ef55_pw2,,Quiver,sift1b,0.92,IO wait,200,7806.722526,7751.989767,8361.362244,11248.363148,11602.636902
a_quiver_sift1b_q2_ef55_pw2,,Quiver,sift1b,0.92,Resume,200,71.278094,69.733508,87.824351,124.251366,130.589535
a_quiver_sift1b_q2_ef55_pw2,,Quiver,sift1b,0.92,CTA active %,151,90.155881,90.263145,90.630418,91.002980,91.061518
a_quiver_sift1b_q2_ef65_pw2,,Quiver,sift1b,0.94,Compute,200,1733.381607,1728.888332,1881.048902,2051.643830,2052.589244
a_quiver_sift1b_q2_ef65_pw2,,Quiver,sift1b,0.94,IO wait,200,6525.820049,6504.554262,6988.602047,8014.322421,12434.530050
a_quiver_sift1b_q2_ef65_pw2,,Quiver,sift1b,0.94,Resume,200,51.730825,51.850284,62.811231,72.061502,76.464926
a_quiver_sift1b_q2_ef65_pw2,,Quiver,sift1b,0.94,CTA active %,125,95.471057,95.316757,96.539036,97.067030,97.082316
b_flashanns_sift1b_nb756,,FlashANNS,sift1b,0.90,Compute,20,3039.291751,3107.478630,3944.767688,3981.156204,3981.156204
b_flashanns_sift1b_nb756,,FlashANNS,sift1b,0.90,IO wait,20,13667.757422,9828.754676,18618.217906,38245.300047,38245.300047
b_flashanns_sift1b_nb756,,FlashANNS,sift1b,0.90,Resume,20,924.040515,957.038534,1353.162214,1565.742163,1565.742163
b_flashanns_sift1b_nb756,,FlashANNS,sift1b,0.90,CTA active %,20,45.676480,47.264000,68.256000,75.116800,75.116800
b_gustann_sift1b_mb48,,GustANN,sift1b,0.90,Compute,20,3570.534408,3486.720014,4102.144014,5204.992026,5204.992026
b_gustann_sift1b_mb48,,GustANN,sift1b,0.90,IO wait,20,16444.480419,15969.276428,19441.604614,22936.820984,22936.820984
b_gustann_sift1b_mb48,,GustANN,sift1b,0.90,Resume,20,6.043911,6.198883,9.775162,10.251999,10.251999
b_gustann_sift1b_mb48,,GustANN,sift1b,0.90,CTA active %,4167,99.858832,100.000000,100.000000,100.000000,100.000000
b_plusS_pq_in_smem_sift1b_q2_nb324,,plusk_pq_in_smem,sift1b,0.90,Compute,200,1350.764765,1339.804957,1441.502739,1957.132086,2256.281920
b_plusS_pq_in_smem_sift1b_q2_nb324,,plusk_pq_in_smem,sift1b,0.90,IO wait,200,4606.797174,4512.228957,4937.283247,6732.262435,18790.421298
b_plusS_pq_in_smem_sift1b_q2_nb324,,plusk_pq_in_smem,sift1b,0.90,Resume,200,33.769901,33.289816,40.591661,54.635563,58.637479
b_quiver_sift1b_q2_nb216,,Quiver,sift1b,0.90,Compute,200,1285.243962,1274.317244,1412.756166,1547.136000,1800.575123
b_quiver_sift1b_q2_nb216,,Quiver,sift1b,0.90,IO wait,200,5079.098731,5040.647965,5550.152148,6457.401807,8613.050102
b_quiver_sift1b_q2_nb216,,Quiver,sift1b,0.90,Resume,200,39.630426,38.084703,51.937627,89.798813,90.695019
b_quiver_sift1b_q2_nb216,,Quiver,sift1b,0.90,CTA active %,135,93.548510,93.933836,94.420673,94.920447,94.923722
b_flashanns_sift1b_nb756,,FlashANNS,sift1b,0.90,kernel launch,20,24.783611,5.006790,8.106232,405.073166,405.073166
b_flashanns_sift1b_nb756,,FlashANNS,sift1b,0.90,H2D,20,27.239323,25.033951,28.133392,63.896179,63.896179
b_flashanns_sift1b_nb756,,FlashANNS,sift1b,0.90,D2H,20,34.570694,31.948090,38.862228,62.942505,62.942505
b_gustann_sift1b_mb48,,GustANN,sift1b,0.90,kernel launch,20,606.584549,536.680222,618.457794,2182.960510,2182.960510
b_gustann_sift1b_mb48,,GustANN,sift1b,0.90,H2D,20,14.568000,13.312000,15.552000,62.463999,62.463999
b_gustann_sift1b_mb48,,GustANN,sift1b,0.90,D2H,20,43.640000,43.327998,51.424000,56.384001,56.384001
