stem,variant,system,dataset,ef,target_recall,num_blocks,mini_batch,queries_per_block,pipe_width,qps,avg_ms,p50_ms,p90_ms,p99_ms,p999_ms,max_ms,latency_kind
flashanns_deep1b_ef70_pw2,,FlashANNS,deep1b,70,0.90,108,0,0,2,16996.895090,6.353551,6.266117,6.782055,7.703066,8.527040,18.769979,BatchLatency(ms)
flashanns_deep1b_ef70_pw2,,FlashANNS,deep1b,70,0.90,216,0,0,2,26841.552024,8.046544,7.940054,8.528948,9.454012,28.158903,28.158903,BatchLatency(ms)
flashanns_deep1b_ef70_pw2,,FlashANNS,deep1b,70,0.90,324,0,0,2,31893.262493,10.147099,10.045052,10.716200,11.590004,21.003008,21.003008,BatchLatency(ms)
flashanns_deep1b_ef70_pw2,,FlashANNS,deep1b,70,0.90,432,0,0,2,32051.544073,13.477193,13.365984,14.100075,15.188932,27.134180,27.134180,BatchLatency(ms)
flashanns_deep1b_ef70_pw2,,FlashANNS,deep1b,70,0.90,540,0,0,2,35731.423275,15.087071,14.975071,15.836000,16.672850,30.730009,30.730009,BatchLatency(ms)
flashanns_deep1b_ef70_pw2,,FlashANNS,deep1b,70,0.90,648,0,0,2,38892.163667,16.642124,16.496897,17.453909,18.450975,26.731014,26.731014,BatchLatency(ms)
flashanns_deep1b_ef70_pw2,,FlashANNS,deep1b,70,0.90,756,0,0,2,35663.568296,21.162111,21.045208,21.820068,23.043871,30.656815,30.656815,BatchLatency(ms)
flashanns_deep1b_ef70_pw2,,FlashANNS,deep1b,70,0.90,864,0,0,2,35371.966746,24.371505,24.275064,25.056839,26.731014,34.101963,34.101963,BatchLatency(ms)
flashanns_deep1b_ef70_pw2,,FlashANNS,deep1b,70,0.90,972,0,0,2,37527.907905,25.870710,25.762081,26.572943,27.251959,37.033081,37.033081,BatchLatency(ms)
flashanns_deep1b_ef70_pw2,,FlashANNS,deep1b,70,0.90,1080,0,0,2,36912.967178,29.129813,29.021025,29.909134,31.914949,45.211077,45.211077,BatchLatency(ms)
flashanns_sift1b_ef45_pw2,,FlashANNS,sift1b,45,0.90,108,0,0,2,24930.043131,4.331730,4.268885,4.702091,5.254984,5.994081,16.489983,BatchLatency(ms)
flashanns_sift1b_ef45_pw2,,FlashANNS,sift1b,45,0.90,216,0,0,2,41481.898182,5.206640,5.126953,5.656004,5.996943,26.029110,26.029110,BatchLatency(ms)
flashanns_sift1b_ef45_pw2,,FlashANNS,sift1b,45,0.90,324,0,0,2,52867.114639,6.121444,6.052971,6.572008,6.882191,17.885208,17.885208,BatchLatency(ms)
flashanns_sift1b_ef45_pw2,,FlashANNS,sift1b,45,0.90,432,0,0,2,59516.830449,7.257838,7.159948,7.709980,7.946014,22.881031,22.881031,BatchLatency(ms)
flashanns_sift1b_ef45_pw2,,FlashANNS,sift1b,45,0.90,540,0,0,2,63828.021971,8.445858,8.372068,8.847952,9.095192,19.792080,19.792080,BatchLatency(ms)
flashanns_sift1b_ef45_pw2,,FlashANNS,sift1b,45,0.90,648,0,0,2,68439.871674,9.457182,9.367943,9.861946,10.092020,20.398140,20.398140,BatchLatency(ms)
flashanns_sift1b_ef45_pw2,,FlashANNS,sift1b,45,0.90,756,0,0,2,60716.082270,12.430250,12.297869,13.010979,13.783932,28.551102,28.551102,BatchLatency(ms)
flashanns_sift1b_ef45_pw2,,FlashANNS,sift1b,45,0.90,864,0,0,2,66385.585084,12.985744,12.917042,13.389826,14.034986,25.050163,25.050163,BatchLatency(ms)
flashanns_sift1b_ef45_pw2,,FlashANNS,sift1b,45,0.90,972,0,0,2,65907.217252,14.730893,14.614105,15.182018,15.510798,31.816006,31.816006,BatchLatency(ms)
flashanns_sift1b_ef45_pw2,,FlashANNS,sift1b,45,0.90,1080,0,0,2,70167.804162,15.324227,15.170097,15.853882,17.414093,28.137922,28.137922,BatchLatency(ms)
gustann_deep1b_ef70_pw1,,GustANN,deep1b,70,0.90,0,16,0,1,24904.617892,25.526856,25.463820,29.116154,33.823967,42.195082,44.577122,BatchLatency(ms)
gustann_deep1b_ef70_pw1,,GustANN,deep1b,70,0.90,0,24,0,1,36276.242855,26.333742,25.255919,30.173063,34.885168,42.640209,44.718981,BatchLatency(ms)
gustann_deep1b_ef70_pw1,,GustANN,deep1b,70,0.90,0,32,0,1,42894.662374,29.683521,29.165030,32.266140,38.764000,44.362068,48.640013,BatchLatency(ms)
gustann_deep1b_ef70_pw1,,GustANN,deep1b,70,0.90,0,48,0,1,49059.216756,38.873940,38.155794,42.971849,50.612926,56.270123,59.689999,BatchLatency(ms)
gustann_deep1b_ef70_pw1,,GustANN,deep1b,70,0.90,0,64,0,1,45450.456254,55.957147,55.150032,61.491013,72.088957,79.290867,83.621025,BatchLatency(ms)
gustann_deep1b_ef70_pw1,,GustANN,deep1b,70,0.90,0,96,0,1,51266.790139,74.310867,73.309898,83.191156,96.641064,107.508898,109.187126,BatchLatency(ms)
gustann_deep1b_ef70_pw1,,GustANN,deep1b,70,0.90,0,128,0,1,51670.907279,97.877972,96.787930,108.706951,124.133825,140.293837,145.853996,BatchLatency(ms)
gustann_deep1b_ef70_pw1,,GustANN,deep1b,70,0.90,0,192,0,1,57681.917459,131.330174,130.154133,146.853924,170.354128,189.522028,197.744846,BatchLatency(ms)
gustann_sift1b_ef45_pw1,,GustANN,sift1b,45,0.90,0,16,0,1,42661.150887,14.923813,14.566898,16.489983,20.423174,30.447006,36.384106,BatchLatency(ms)
gustann_sift1b_ef45_pw1,,GustANN,sift1b,45,0.90,0,24,0,1,57124.560242,16.719751,16.505003,18.252134,20.847082,22.018194,25.375128,BatchLatency(ms)
gustann_sift1b_ef45_pw1,,GustANN,sift1b,45,0.90,0,32,0,1,68985.404986,18.402682,18.046141,20.573139,23.643017,26.479959,29.720068,BatchLatency(ms)
gustann_sift1b_ef45_pw1,,GustANN,sift1b,45,0.90,0,48,0,1,75784.559067,25.094373,24.814844,27.481079,30.729055,33.870935,37.596941,BatchLatency(ms)
gustann_sift1b_ef45_pw1,,GustANN,sift1b,45,0.90,0,64,0,1,84524.314647,29.929722,29.617071,32.788992,36.163807,38.011074,41.934967,BatchLatency(ms)
gustann_sift1b_ef45_pw1,,GustANN,sift1b,45,0.90,0,96,0,1,82719.519701,45.836748,45.364857,50.225019,54.982901,60.178041,62.177896,BatchLatency(ms)
gustann_sift1b_ef45_pw1,,GustANN,sift1b,45,0.90,0,128,0,1,94282.211794,53.392952,52.611828,59.133053,65.445185,71.032047,74.312925,BatchLatency(ms)
gustann_sift1b_ef45_pw1,,GustANN,sift1b,45,0.90,0,192,0,1,108189.986832,69.542746,69.005013,76.295853,81.938028,84.661007,84.753990,BatchLatency(ms)
quiver_deep1b_ef70_q1_pw2,,Quiver,deep1b,70,0.90,108,0,1,2,23800.428859,4.508379,4.495144,4.612923,4.729033,7.709980,61.615944,QueryLatency(ms)
quiver_deep1b_ef70_q1_pw2,,Quiver,deep1b,70,0.90,216,0,1,2,38768.081448,5.343159,5.272865,5.394936,5.557060,15.583038,259.046078,QueryLatency(ms)
quiver_deep1b_ef70_q1_pw2,,Quiver,deep1b,70,0.90,324,0,1,2,45029.842455,6.706535,6.541967,6.805182,7.356882,30.132055,371.478081,QueryLatency(ms)
quiver_deep1b_ef70_q2_pw2,,Quiver,deep1b,70,0.90,216,0,2,2,44694.064714,9.645103,9.615898,9.814024,10.164022,15.624046,18.952131,QueryLatency(ms)
quiver_deep1b_ef70_q2_pw2,,Quiver,deep1b,70,0.90,324,0,2,2,50475.693515,12.806164,12.744904,13.059139,13.642073,26.340008,31.144142,QueryLatency(ms)
quiver_deep1b_ef70_q2_pw2,,Quiver,deep1b,70,0.90,432,0,2,2,57773.713433,14.912549,14.784098,15.589952,16.257048,28.390884,29.907942,QueryLatency(ms)
quiver_deep1b_ef70_q2_pw2,,Quiver,deep1b,70,0.90,540,0,2,2,57146.021960,18.845309,18.709898,19.611835,20.613909,32.138109,38.363934,QueryLatency(ms)
quiver_deep1b_ef70_q2_pw2,,Quiver,deep1b,70,0.90,648,0,2,2,57950.793477,22.301546,22.131205,23.142099,25.072098,37.703037,40.432930,QueryLatency(ms)
quiver_deep1b_ef70_q2_pw2,,Quiver,deep1b,70,0.90,756,0,2,2,59351.566745,25.390481,25.273085,26.592016,28.579950,39.672852,47.791958,QueryLatency(ms)
quiver_deep1b_ef70_q2_pw2,,Quiver,deep1b,70,0.90,864,0,2,2,58125.204451,29.629490,29.544115,30.489922,31.831026,47.053099,52.337170,QueryLatency(ms)
quiver_deep1b_ef70_q2_pw2,,Quiver,deep1b,70,0.90,972,0,2,2,54165.473731,35.773525,35.512924,36.388159,39.910078,54.836035,70.008993,QueryLatency(ms)
quiver_deep1b_ef70_q3_pw2,,Quiver,deep1b,70,0.90,864,0,3,2,55639.896672,46.356911,46.275139,47.092915,52.403927,76.897860,82.148790,QueryLatency(ms)
quiver_deep1b_ef70_q3_pw2,,Quiver,deep1b,70,0.90,972,0,3,2,55880.548464,51.922266,51.795959,52.792072,60.725927,74.325085,91.754913,QueryLatency(ms)
quiver_deep1b_ef70_q4_pw2,,Quiver,deep1b,70,0.90,864,0,4,2,59261.365005,57.970062,57.921171,59.378147,68.439960,86.796999,101.606131,QueryLatency(ms)
quiver_deep1b_ef70_q4_pw2,,Quiver,deep1b,70,0.90,972,0,4,2,59496.218172,64.886432,64.898968,66.374063,73.508024,112.606049,116.127014,QueryLatency(ms)
quiver_sift1b_ef45_q1_pw2,,Quiver,sift1b,45,0.90,108,0,1,2,38376.909791,2.787814,2.777100,2.855062,2.936125,5.413771,49.810171,QueryLatency(ms)
quiver_sift1b_ef45_q1_pw2,,Quiver,sift1b,45,0.90,216,0,1,2,62673.331912,3.285800,3.237009,3.309011,3.397942,12.968063,176.668167,QueryLatency(ms)
quiver_sift1b_ef45_q1_pw2,,Quiver,sift1b,45,0.90,324,0,1,2,74470.975248,4.087166,3.988981,4.065990,4.193783,20.080090,210.149050,QueryLatency(ms)
quiver_sift1b_ef45_q2_pw2,,Quiver,sift1b,45,0.90,216,0,2,2,74639.340517,5.769268,5.749941,5.852938,6.056070,11.826992,14.750957,QueryLatency(ms)
quiver_sift1b_ef45_q2_pw2,,Quiver,sift1b,45,0.90,324,0,2,2,83187.059142,7.760445,7.655144,8.025885,8.269072,15.591145,16.773939,QueryLatency(ms)
quiver_sift1b_ef45_q2_pw2,,Quiver,sift1b,45,0.90,432,0,2,2,97806.976275,8.795094,8.755922,8.884907,9.088039,18.202066,19.118071,QueryLatency(ms)
quiver_sift1b_ef45_q2_pw2,,Quiver,sift1b,45,0.90,540,0,2,2,95127.474391,11.304552,11.253834,11.416912,12.570143,19.270182,23.712158,QueryLatency(ms)
quiver_sift1b_ef45_q2_pw2,,Quiver,sift1b,45,0.90,648,0,2,2,92886.904660,13.891206,13.865948,14.029026,14.279127,23.810148,27.042150,QueryLatency(ms)
quiver_sift1b_ef45_q2_pw2,,Quiver,sift1b,45,0.90,756,0,2,2,103793.123672,14.491134,14.446020,14.606953,15.140057,26.373863,30.688047,QueryLatency(ms)
quiver_sift1b_ef45_q2_pw2,,Quiver,sift1b,45,0.90,864,0,2,2,104530.940810,16.442856,16.361952,16.563892,18.812895,30.246973,30.769110,QueryLatency(ms)
quiver_sift1b_ef45_q2_pw2,,Quiver,sift1b,45,0.90,972,0,2,2,99289.671060,19.470549,19.380093,19.620180,23.343801,32.839060,34.382105,QueryLatency(ms)
flashanns_sift1b_ef80_pw2,,FlashANNS,sift1b,80,0.96,108,0,0,2,17742.312270,6.086609,6.020784,6.510973,7.081032,7.390022,20.211935,BatchLatency(ms)
flashanns_sift1b_ef80_pw2,,FlashANNS,sift1b,80,0.96,216,0,0,2,28604.115646,7.550714,7.472992,8.002996,8.599997,24.881840,24.881840,BatchLatency(ms)
flashanns_sift1b_ef80_pw2,,FlashANNS,sift1b,80,0.96,324,0,0,2,34462.550534,9.390580,9.318829,9.853125,10.471821,20.957947,20.957947,BatchLatency(ms)
flashanns_sift1b_ef80_pw2,,FlashANNS,sift1b,80,0.96,432,0,0,2,40251.102998,10.731744,10.632038,11.157990,11.753082,22.111893,22.111893,BatchLatency(ms)
flashanns_sift1b_ef80_pw2,,FlashANNS,sift1b,80,0.96,540,0,0,2,43652.643395,12.349355,12.239933,12.791872,13.314009,24.980068,24.980068,BatchLatency(ms)
flashanns_sift1b_ef80_pw2,,FlashANNS,sift1b,80,0.96,648,0,0,2,45941.969115,14.088368,13.999939,14.456034,15.156984,29.175997,29.175997,BatchLatency(ms)
flashanns_sift1b_ef80_pw2,,FlashANNS,sift1b,80,0.96,756,0,0,2,38914.140373,19.394364,19.329071,19.843817,20.661116,25.847912,25.847912,BatchLatency(ms)
flashanns_sift1b_ef80_pw2,,FlashANNS,sift1b,80,0.96,864,0,0,2,40800.539221,21.128795,21.070004,21.584034,22.238016,32.119036,32.119036,BatchLatency(ms)
flashanns_sift1b_ef80_pw2,,FlashANNS,sift1b,80,0.96,972,0,0,2,41747.571608,23.255790,23.154020,23.666859,24.418116,36.494017,36.494017,BatchLatency(ms)
flashanns_sift1b_ef80_pw2,,FlashANNS,sift1b,80,0.96,1080,0,0,2,45937.536160,23.407168,23.315907,24.074078,24.887085,38.203955,38.203955,BatchLatency(ms)
gustann_sift1b_ef80_pw1,,GustANN,sift1b,80,0.96,0,16,0,1,24206.083297,26.353265,24.608850,30.666828,34.217834,36.909819,43.941975,BatchLatency(ms)
gustann_sift1b_ef80_pw1,,GustANN,sift1b,80,0.96,0,24,0,1,37627.147823,25.391698,25.147915,26.807070,29.518127,33.814907,34.840107,BatchLatency(ms)
gustann_sift1b_ef80_pw1,,GustANN,sift1b,80,0.96,0,32,0,1,39351.728667,32.265879,31.526089,35.892010,40.354013,43.737173,45.781136,BatchLatency(ms)
gustann_sift1b_ef80_pw1,,GustANN,sift1b,80,0.96,0,48,0,1,48222.612743,39.544054,39.216995,42.367220,46.031952,51.605940,53.009033,BatchLatency(ms)
gustann_sift1b_ef80_pw1,,GustANN,sift1b,80,0.96,0,64,0,1,45748.992469,55.571931,55.166006,58.812141,62.669039,70.372820,71.468115,BatchLatency(ms)
gustann_sift1b_ef80_pw1,,GustANN,sift1b,80,0.96,0,96,0,1,48492.102048,78.464574,77.958822,82.911015,89.163065,94.342947,95.927954,BatchLatency(ms)
gustann_sift1b_ef80_pw1,,GustANN,sift1b,80,0.96,0,128,0,1,53316.286239,94.743239,94.819069,102.911949,112.498999,128.255844,130.110979,BatchLatency(ms)
gustann_sift1b_ef80_pw1,,GustANN,sift1b,80,0.96,0,192,0,1,64918.347569,116.165223,115.904093,123.638153,141.816139,146.892071,148.474932,BatchLatency(ms)
quiver_sift1b_ef80_q1_pw2,,Quiver,sift1b,80,0.96,108,0,1,2,17446.395530,6.150960,6.171942,6.309986,6.454945,8.948088,77.040911,QueryLatency(ms)
quiver_sift1b_ef80_q1_pw2,,Quiver,sift1b,80,0.96,216,0,1,2,38549.199330,5.410483,5.338907,5.437851,5.630016,15.725136,224.250078,QueryLatency(ms)
quiver_sift1b_ef80_q1_pw2,,Quiver,sift1b,80,0.96,324,0,1,2,42525.774947,7.109226,6.943941,7.081032,7.494926,33.189058,396.706104,QueryLatency(ms)
quiver_sift1b_ef80_q2_pw2,,Quiver,sift1b,80,0.96,216,0,2,2,38917.312365,11.080587,10.084152,13.452053,20.691872,21.067858,21.485090,QueryLatency(ms)
quiver_sift1b_ef80_q2_pw2,,Quiver,sift1b,80,0.96,324,0,2,2,32019.653176,20.206166,15.223026,29.655933,30.252934,30.702114,34.134865,QueryLatency(ms)
quiver_sift1b_ef80_q2_pw2,,Quiver,sift1b,80,0.96,432,0,2,2,57307.525775,15.033833,14.997005,15.177965,15.536070,24.993181,31.902075,QueryLatency(ms)
quiver_sift1b_ef80_q2_pw2,,Quiver,sift1b,80,0.96,540,0,2,2,51156.561884,21.057502,20.528078,22.797108,23.258924,32.922983,37.092924,QueryLatency(ms)
quiver_sift1b_ef80_q2_pw2,,Quiver,sift1b,80,0.96,648,0,2,2,60582.469637,21.324801,21.108150,21.646023,25.012970,36.217928,40.727854,QueryLatency(ms)
quiver_sift1b_ef80_q2_pw2,,Quiver,sift1b,80,0.96,756,0,2,2,56390.875800,26.715678,26.381969,28.227806,32.016993,45.742035,51.323175,QueryLatency(ms)
quiver_sift1b_ef80_q2_pw2,,Quiver,sift1b,80,0.96,864,0,2,2,61419.196047,28.036906,27.894974,28.401136,31.050920,46.196938,52.297831,QueryLatency(ms)
quiver_sift1b_ef80_q2_pw2,,Quiver,sift1b,80,0.96,972,0,2,2,62060.339762,31.208137,31.111002,31.636000,33.151150,45.928001,55.456161,QueryLatency(ms)
