stem,variant,system,dataset,sample_i,cta_active_pct
cta_quiver_sift1b_q1_ef45_pw1,cta,Quiver,sift1b,0,40.713120
cta_quiver_sift1b_q1_ef45_pw1,cta,Quiver,sift1b,1,40.605958
cta_quiver_sift1b_q1_ef45_pw1,cta,Quiver,sift1b,2,40.674157
cta_quiver_sift1b_q1_ef45_pw1,cta,Quiver,sift1b,3,40.467062
cta_quiver_sift1b_q1_ef45_pw1,cta,Quiver,sift1b,4,40.160849
cta_quiver_sift1b_q1_ef45_pw1,cta,Quiver,sift1b,5,40.224413
cta_quiver_sift1b_q1_ef45_pw1,cta,Quiver,sift1b,6,38.967557
cta_quiver_sift1b_q1_ef45_pw1,cta,Quiver,sift1b,7,39.513177
cta_quiver_sift1b_q1_ef45_pw1,cta,Quiver,sift1b,8,38.583243
cta_quiver_sift1b_q1_ef45_pw1,cta,Quiver,sift1b,9,40.737327
cta_quiver_sift1b_q1_ef45_pw1,cta,Quiver,sift1b,10,38.660357
cta_quiver_sift1b_q1_ef45_pw1,cta,Quiver,sift1b,11,40.095817
cta_quiver_sift1b_q1_ef45_pw1,cta,Quiver,sift1b,12,39.486530
cta_quiver_sift1b_q1_ef45_pw1,cta,Quiver,sift1b,13,38.685869
cta_quiver_sift1b_q1_ef45_pw1,cta,Quiver,sift1b,14,39.323778
cta_quiver_sift1b_q1_ef45_pw1,cta,Quiver,sift1b,15,41.465502
cta_quiver_sift1b_q1_ef45_pw1,cta,Quiver,sift1b,16,40.107581
cta_quiver_sift1b_q1_ef45_pw1,cta,Quiver,sift1b,17,40.780142
cta_quiver_sift1b_q1_ef45_pw1,cta,Quiver,sift1b,18,39.100092
cta_quiver_sift1b_q1_ef45_pw1,cta,Quiver,sift1b,19,40.494647
cta_quiver_sift1b_q1_ef45_pw1,cta,Quiver,sift1b,20,40.846949
cta_quiver_sift1b_q1_ef45_pw1,cta,Quiver,sift1b,21,39.818676
cta_quiver_sift1b_q1_ef45_pw1,cta,Quiver,sift1b,22,40.973894
cta_quiver_sift1b_q1_ef45_pw1,cta,Quiver,sift1b,23,40.167970
cta_quiver_sift1b_q1_ef45_pw1,cta,Quiver,sift1b,24,40.546256
cta_quiver_sift1b_q1_ef45_pw1,cta,Quiver,sift1b,25,39.712047
cta_quiver_sift1b_q1_ef45_pw1,cta,Quiver,sift1b,26,41.203852
cta_quiver_sift1b_q1_ef45_pw1,cta,Quiver,sift1b,27,39.751786
cta_quiver_sift1b_q1_ef45_pw1,cta,Quiver,sift1b,28,40.966872
cta_quiver_sift1b_q1_ef45_pw1,cta,Quiver,sift1b,29,38.771017
cta_quiver_sift1b_q1_ef45_pw1,cta,Quiver,sift1b,30,39.507874
cta_quiver_sift1b_q1_ef45_pw1,cta,Quiver,sift1b,31,38.011210
cta_quiver_sift1b_q1_ef45_pw1,cta,Quiver,sift1b,32,38.810378
cta_quiver_sift1b_q1_ef45_pw1,cta,Quiver,sift1b,33,39.558105
cta_quiver_sift1b_q1_ef45_pw1,cta,Quiver,sift1b,34,39.290868
cta_quiver_sift1b_q1_ef45_pw1,cta,Quiver,sift1b,35,39.257294
cta_quiver_sift1b_q1_ef45_pw1,cta,Quiver,sift1b,36,38.484666
cta_quiver_sift1b_q1_ef45_pw1,cta,Quiver,sift1b,37,37.276127
cta_quiver_sift1b_q1_ef45_pw1,cta,Quiver,sift1b,38,38.303553
cta_quiver_sift1b_q1_ef45_pw1,cta,Quiver,sift1b,39,37.065787
cta_quiver_sift1b_q1_ef45_pw1,cta,Quiver,sift1b,40,38.868464
cta_quiver_sift1b_q1_ef45_pw1,cta,Quiver,sift1b,41,39.668394
cta_quiver_sift1b_q1_ef45_pw1,cta,Quiver,sift1b,42,38.550420
cta_quiver_sift1b_q1_ef45_pw1,cta,Quiver,sift1b,43,38.142292
cta_quiver_sift1b_q1_ef45_pw1,cta,Quiver,sift1b,44,37.772746
cta_quiver_sift1b_q1_ef45_pw1,cta,Quiver,sift1b,45,38.764274
cta_quiver_sift1b_q1_ef45_pw1,cta,Quiver,sift1b,46,38.544860
cta_quiver_sift1b_q1_ef45_pw1,cta,Quiver,sift1b,47,37.811663
cta_quiver_sift1b_q1_ef45_pw1,cta,Quiver,sift1b,48,37.877965
cta_quiver_sift1b_q1_ef45_pw1,cta,Quiver,sift1b,49,38.101110
cta_quiver_sift1b_q1_ef45_pw1,cta,Quiver,sift1b,50,39.109829
cta_quiver_sift1b_q1_ef45_pw1,cta,Quiver,sift1b,51,37.291280
cta_quiver_sift1b_q1_ef45_pw1,cta,Quiver,sift1b,52,38.164046
cta_quiver_sift1b_q1_ef45_pw1,cta,Quiver,sift1b,53,38.320642
cta_quiver_sift1b_q1_ef45_pw1,cta,Quiver,sift1b,54,38.533871
cta_quiver_sift1b_q1_ef45_pw1,cta,Quiver,sift1b,55,37.460409
cta_quiver_sift1b_q1_ef45_pw1,cta,Quiver,sift1b,56,38.553446
cta_quiver_sift1b_q1_ef45_pw1,cta,Quiver,sift1b,57,37.548999
cta_quiver_sift1b_q1_ef45_pw1,cta,Quiver,sift1b,58,38.975548
cta_quiver_sift1b_q1_ef45_pw1,cta,Quiver,sift1b,59,38.501999
cta_quiver_sift1b_q1_ef45_pw1,cta,Quiver,sift1b,60,38.832176
cta_quiver_sift1b_q1_ef45_pw1,cta,Quiver,sift1b,61,37.533563
cta_quiver_sift1b_q1_ef45_pw1,cta,Quiver,sift1b,62,39.112140
cta_quiver_sift1b_q1_ef45_pw1,cta,Quiver,sift1b,63,36.836585
cta_quiver_sift1b_q1_ef45_pw1,cta,Quiver,sift1b,64,38.376156
cta_quiver_sift1b_q1_ef45_pw1,cta,Quiver,sift1b,65,38.689389
cta_quiver_sift1b_q1_ef45_pw1,cta,Quiver,sift1b,66,38.567941
cta_quiver_sift1b_q1_ef45_pw1,cta,Quiver,sift1b,67,37.531633
cta_quiver_sift1b_q1_ef45_pw1,cta,Quiver,sift1b,68,39.031517
cta_quiver_sift1b_q1_ef45_pw1,cta,Quiver,sift1b,69,36.137392
cta_quiver_sift1b_q1_ef45_pw1,cta,Quiver,sift1b,70,38.400501
cta_quiver_sift1b_q1_ef45_pw1,cta,Quiver,sift1b,71,37.494772
cta_quiver_sift1b_q1_ef45_pw1,cta,Quiver,sift1b,72,38.879968
cta_quiver_sift1b_q1_ef45_pw1,cta,Quiver,sift1b,73,39.395846
cta_quiver_sift1b_q1_ef45_pw1,cta,Quiver,sift1b,74,38.508808
cta_quiver_sift1b_q1_ef45_pw1,cta,Quiver,sift1b,75,38.450169
cta_quiver_sift1b_q1_ef45_pw1,cta,Quiver,sift1b,76,39.472565
cta_quiver_sift1b_q1_ef45_pw1,cta,Quiver,sift1b,77,38.915437
cta_quiver_sift1b_q1_ef45_pw1,cta,Quiver,sift1b,78,39.014675
cta_quiver_sift1b_q1_ef45_pw1,cta,Quiver,sift1b,79,37.515528
cta_quiver_sift1b_q1_ef45_pw1,cta,Quiver,sift1b,80,37.492176
cta_quiver_sift1b_q1_ef45_pw1,cta,Quiver,sift1b,81,38.940425
cta_quiver_sift1b_q1_ef45_pw1,cta,Quiver,sift1b,82,37.940323
cta_quiver_sift1b_q1_ef45_pw1,cta,Quiver,sift1b,83,38.688252
cta_quiver_sift1b_q1_ef45_pw1,cta,Quiver,sift1b,84,38.936257
cta_quiver_sift1b_q1_ef45_pw1,cta,Quiver,sift1b,85,39.182141
cta_quiver_sift1b_q1_ef45_pw1,cta,Quiver,sift1b,86,39.329149
cta_quiver_sift1b_q1_ef45_pw1,cta,Quiver,sift1b,87,38.923655
cta_quiver_sift1b_q1_ef45_pw1,cta,Quiver,sift1b,88,37.610248
cta_quiver_sift1b_q1_ef45_pw1,cta,Quiver,sift1b,89,38.119954
cta_quiver_sift1b_q1_ef45_pw1,cta,Quiver,sift1b,90,38.089395
cta_quiver_sift1b_q1_ef45_pw1,cta,Quiver,sift1b,91,38.971943
cta_quiver_sift1b_q1_ef45_pw1,cta,Quiver,sift1b,92,38.482729
cta_quiver_sift1b_q1_ef45_pw1,cta,Quiver,sift1b,93,39.318226
cta_quiver_sift1b_q1_ef45_pw1,cta,Quiver,sift1b,94,39.218186
cta_quiver_sift1b_q1_ef45_pw1,cta,Quiver,sift1b,95,38.523941
cta_quiver_sift1b_q1_ef45_pw1,cta,Quiver,sift1b,96,37.542230
cta_quiver_sift1b_q1_ef45_pw1,cta,Quiver,sift1b,97,38.868807
cta_quiver_sift1b_q1_ef45_pw1,cta,Quiver,sift1b,98,37.735086
cta_quiver_sift1b_q1_ef45_pw1,cta,Quiver,sift1b,99,40.000000
cta_quiver_sift1b_q1_ef45_pw1,cta,Quiver,sift1b,100,38.233465
cta_quiver_sift1b_q1_ef45_pw1,cta,Quiver,sift1b,101,38.526971
cta_quiver_sift1b_q1_ef45_pw1,cta,Quiver,sift1b,102,38.212766
cta_quiver_sift1b_q1_ef45_pw1,cta,Quiver,sift1b,103,37.714516
cta_quiver_sift1b_q1_ef45_pw1,cta,Quiver,sift1b,104,38.683305
cta_quiver_sift1b_q1_ef45_pw1,cta,Quiver,sift1b,105,37.758493
cta_quiver_sift1b_q1_ef45_pw1,cta,Quiver,sift1b,106,38.519576
cta_quiver_sift1b_q1_ef45_pw1,cta,Quiver,sift1b,107,39.192003
cta_quiver_sift1b_q1_ef45_pw1,cta,Quiver,sift1b,108,38.834951
cta_quiver_sift1b_q1_ef45_pw1,cta,Quiver,sift1b,109,40.309753
cta_quiver_sift1b_q1_ef45_pw1,cta,Quiver,sift1b,110,39.180694
cta_quiver_sift1b_q1_ef45_pw1,cta,Quiver,sift1b,111,37.898221
cta_quiver_sift1b_q1_ef45_pw1,cta,Quiver,sift1b,112,38.727725
cta_quiver_sift1b_q1_ef45_pw1,cta,Quiver,sift1b,113,37.063655
cta_quiver_sift1b_q1_ef45_pw1,cta,Quiver,sift1b,114,37.226277
cta_quiver_sift1b_q1_ef45_pw1,cta,Quiver,sift1b,115,38.943412
cta_quiver_sift1b_q1_ef45_pw1,cta,Quiver,sift1b,116,38.482923
cta_quiver_sift1b_q1_ef45_pw1,cta,Quiver,sift1b,117,38.179916
cta_quiver_sift1b_q1_ef45_pw1,cta,Quiver,sift1b,118,37.506631
cta_quiver_sift1b_q1_ef45_pw1,cta,Quiver,sift1b,119,37.616538
cta_quiver_sift1b_q1_ef45_pw1,cta,Quiver,sift1b,120,38.547604
cta_quiver_sift1b_q1_ef45_pw1,cta,Quiver,sift1b,121,37.400205
cta_quiver_sift1b_q1_ef45_pw1,cta,Quiver,sift1b,122,37.567121
cta_quiver_sift1b_q1_ef45_pw1,cta,Quiver,sift1b,123,37.603892
cta_quiver_sift1b_q1_ef45_pw1,cta,Quiver,sift1b,124,37.650019
cta_quiver_sift1b_q1_ef45_pw1,cta,Quiver,sift1b,125,37.596741
cta_quiver_sift1b_q1_ef45_pw1,cta,Quiver,sift1b,126,39.400164
cta_quiver_sift1b_q1_ef45_pw1,cta,Quiver,sift1b,127,38.100231
cta_quiver_sift1b_q1_ef45_pw1,cta,Quiver,sift1b,128,39.302885
cta_quiver_sift1b_q1_ef45_pw1,cta,Quiver,sift1b,129,38.397847
cta_quiver_sift1b_q1_ef45_pw1,cta,Quiver,sift1b,130,39.592805
cta_quiver_sift1b_q1_ef45_pw1,cta,Quiver,sift1b,131,37.778713
cta_quiver_sift1b_q1_ef45_pw1,cta,Quiver,sift1b,132,39.727749
cta_quiver_sift1b_q1_ef45_pw1,cta,Quiver,sift1b,133,38.300062
cta_quiver_sift1b_q1_ef45_pw1,cta,Quiver,sift1b,134,38.891121
cta_quiver_sift1b_q1_ef45_pw1,cta,Quiver,sift1b,135,39.231738
cta_quiver_sift1b_q1_ef45_pw1,cta,Quiver,sift1b,136,39.116653
cta_quiver_sift1b_q1_ef45_pw1,cta,Quiver,sift1b,137,38.357023
cta_quiver_sift1b_q1_ef45_pw1,cta,Quiver,sift1b,138,37.477111
cta_quiver_sift1b_q1_ef45_pw1,cta,Quiver,sift1b,139,39.031926
cta_quiver_sift1b_q1_ef45_pw1,cta,Quiver,sift1b,140,37.262434
cta_quiver_sift1b_q1_ef45_pw1,cta,Quiver,sift1b,141,37.638604
cta_quiver_sift1b_q1_ef45_pw1,cta,Quiver,sift1b,142,37.373122
cta_quiver_sift1b_q1_ef45_pw1,cta,Quiver,sift1b,143,38.926729
cta_quiver_sift1b_q1_ef45_pw1,cta,Quiver,sift1b,144,38.323723
cta_quiver_sift1b_q1_ef45_pw1,cta,Quiver,sift1b,145,37.348440
cta_quiver_sift1b_q1_ef45_pw1,cta,Quiver,sift1b,146,38.434747
cta_quiver_sift1b_q1_ef45_pw1,cta,Quiver,sift1b,147,39.356179
cta_quiver_sift1b_q1_ef45_pw1,cta,Quiver,sift1b,148,38.975316
cta_quiver_sift1b_q1_ef45_pw1,cta,Quiver,sift1b,149,38.301887
cta_quiver_sift1b_q1_ef45_pw1,cta,Quiver,sift1b,150,39.355918
cta_quiver_sift1b_q1_ef45_pw1,cta,Quiver,sift1b,151,38.042588
cta_quiver_sift1b_q1_ef45_pw1,cta,Quiver,sift1b,152,38.096205
cta_quiver_sift1b_q1_ef45_pw1,cta,Quiver,sift1b,153,38.110951
cta_quiver_sift1b_q1_ef45_pw1,cta,Quiver,sift1b,154,37.004950
cta_quiver_sift1b_q1_ef45_pw1,cta,Quiver,sift1b,155,38.711721
cta_quiver_sift1b_q1_ef45_pw1,cta,Quiver,sift1b,156,37.874716
cta_quiver_sift1b_q1_ef45_pw1,cta,Quiver,sift1b,157,37.464522
cta_quiver_sift1b_q1_ef45_pw1,cta,Quiver,sift1b,158,38.997273
cta_quiver_sift1b_q1_ef45_pw1,cta,Quiver,sift1b,159,39.184253
cta_quiver_sift1b_q1_ef45_pw1,cta,Quiver,sift1b,160,38.109633
cta_quiver_sift1b_q1_ef45_pw1,cta,Quiver,sift1b,161,37.468840
cta_quiver_sift1b_q1_ef45_pw1,cta,Quiver,sift1b,162,38.052730
cta_quiver_sift1b_q1_ef45_pw1,cta,Quiver,sift1b,163,38.549618
cta_quiver_sift1b_q1_ef45_pw1,cta,Quiver,sift1b,164,36.827788
cta_quiver_sift1b_q1_ef45_pw1,cta,Quiver,sift1b,165,38.548160
cta_quiver_sift1b_q1_ef45_pw1,cta,Quiver,sift1b,166,38.807448
cta_quiver_sift1b_q1_ef45_pw1,cta,Quiver,sift1b,167,38.471100
cta_quiver_sift1b_q1_ef45_pw1,cta,Quiver,sift1b,168,37.994500
cta_quiver_sift1b_q1_ef45_pw1,cta,Quiver,sift1b,169,38.311554
cta_quiver_sift1b_q1_ef45_pw1,cta,Quiver,sift1b,170,38.864260
cta_quiver_sift1b_q1_ef45_pw1,cta,Quiver,sift1b,171,38.182559
cta_quiver_sift1b_q1_ef45_pw1,cta,Quiver,sift1b,172,38.203593
cta_quiver_sift1b_q1_ef45_pw1,cta,Quiver,sift1b,173,36.041752
cta_quiver_sift1b_q1_ef45_pw1,cta,Quiver,sift1b,174,37.810844
cta_quiver_sift1b_q1_ef45_pw1,cta,Quiver,sift1b,175,37.370640
cta_quiver_sift1b_q1_ef45_pw1,cta,Quiver,sift1b,176,37.872253
cta_quiver_sift1b_q1_ef45_pw1,cta,Quiver,sift1b,177,38.009240
cta_quiver_sift1b_q1_ef45_pw1,cta,Quiver,sift1b,178,38.236498
cta_quiver_sift1b_q1_ef45_pw1,cta,Quiver,sift1b,179,38.378058
cta_quiver_sift1b_q1_ef45_pw1,cta,Quiver,sift1b,180,38.154299
cta_quiver_sift1b_q1_ef45_pw1,cta,Quiver,sift1b,181,37.823298
cta_quiver_sift1b_q1_ef45_pw1,cta,Quiver,sift1b,182,38.757273
cta_quiver_sift1b_q1_ef45_pw1,cta,Quiver,sift1b,183,38.172378
cta_quiver_sift1b_q1_ef45_pw1,cta,Quiver,sift1b,184,38.109512
cta_quiver_sift1b_q1_ef45_pw1,cta,Quiver,sift1b,185,37.520764
cta_quiver_sift1b_q1_ef45_pw1,cta,Quiver,sift1b,186,38.589035
cta_quiver_sift1b_q1_ef45_pw1,cta,Quiver,sift1b,187,38.696284
cta_quiver_sift1b_q1_ef45_pw1,cta,Quiver,sift1b,188,39.074762
cta_quiver_sift1b_q1_ef45_pw1,cta,Quiver,sift1b,189,38.118812
cta_quiver_sift1b_q1_ef45_pw1,cta,Quiver,sift1b,190,38.418777
cta_quiver_sift1b_q1_ef45_pw1,cta,Quiver,sift1b,191,38.137193
cta_quiver_sift1b_q1_ef45_pw1,cta,Quiver,sift1b,192,37.288494
cta_quiver_sift1b_q1_ef45_pw1,cta,Quiver,sift1b,193,39.467312
cta_quiver_sift1b_q1_ef45_pw1,cta,Quiver,sift1b,194,38.938404
cta_quiver_sift1b_q1_ef45_pw1,cta,Quiver,sift1b,195,38.923709
cta_quiver_sift1b_q1_ef45_pw1,cta,Quiver,sift1b,196,38.096239
cta_quiver_sift1b_q1_ef45_pw1,cta,Quiver,sift1b,197,37.845587
cta_quiver_sift1b_q1_ef45_pw1,cta,Quiver,sift1b,198,37.129517
cta_quiver_sift1b_q1_ef45_pw1,cta,Quiver,sift1b,199,85.874710
cta_quiver_sift1b_q2_ef45_pw1,cta,Quiver,sift1b,0,78.905600
cta_quiver_sift1b_q2_ef45_pw1,cta,Quiver,sift1b,1,75.878400
cta_quiver_sift1b_q2_ef45_pw1,cta,Quiver,sift1b,2,78.188800
cta_quiver_sift1b_q2_ef45_pw1,cta,Quiver,sift1b,3,49.459200
cta_quiver_sift1b_q2_ef45_pw1,cta,Quiver,sift1b,4,59.392000
cta_quiver_sift1b_q2_ef45_pw1,cta,Quiver,sift1b,5,66.412800
cta_quiver_sift1b_q2_ef45_pw1,cta,Quiver,sift1b,6,72.556800
cta_quiver_sift1b_q2_ef45_pw1,cta,Quiver,sift1b,7,54.886400
cta_quiver_sift1b_q2_ef45_pw1,cta,Quiver,sift1b,8,52.588800
cta_quiver_sift1b_q2_ef45_pw1,cta,Quiver,sift1b,9,69.120000
cta_quiver_sift1b_q2_ef45_pw1,cta,Quiver,sift1b,10,73.523200
cta_quiver_sift1b_q2_ef45_pw1,cta,Quiver,sift1b,11,64.569600
cta_quiver_sift1b_q2_ef45_pw1,cta,Quiver,sift1b,12,59.801600
cta_quiver_sift1b_q2_ef45_pw1,cta,Quiver,sift1b,13,50.585600
cta_quiver_sift1b_q2_ef45_pw1,cta,Quiver,sift1b,14,49.824000
cta_quiver_sift1b_q2_ef45_pw1,cta,Quiver,sift1b,15,65.433600
cta_quiver_sift1b_q2_ef45_pw1,cta,Quiver,sift1b,16,51.974400
cta_quiver_sift1b_q2_ef45_pw1,cta,Quiver,sift1b,17,51.404800
cta_quiver_sift1b_q2_ef45_pw1,cta,Quiver,sift1b,18,37.478400
cta_quiver_sift1b_q2_ef45_pw1,cta,Quiver,sift1b,19,42.246400
cta_quiver_sift1b_q2_ef45_pw1,cta,Quiver,sift1b,20,53.145600
cta_quiver_sift1b_q2_ef45_pw1,cta,Quiver,sift1b,21,46.080000
cta_quiver_sift1b_q2_ef45_pw1,cta,Quiver,sift1b,22,48.947200
cta_quiver_sift1b_q2_ef45_pw1,cta,Quiver,sift1b,23,49.926400
cta_quiver_sift1b_q2_ef45_pw1,cta,Quiver,sift1b,24,47.513600
cta_quiver_sift1b_q2_ef45_pw1,cta,Quiver,sift1b,25,63.283200
cta_quiver_sift1b_q2_ef45_pw1,cta,Quiver,sift1b,26,42.291200
cta_quiver_sift1b_q2_ef45_pw1,cta,Quiver,sift1b,27,42.041600
cta_quiver_sift1b_q2_ef45_pw1,cta,Quiver,sift1b,28,44.032000
cta_quiver_sift1b_q2_ef45_pw1,cta,Quiver,sift1b,29,45.875200
cta_quiver_sift1b_q2_ef45_pw1,cta,Quiver,sift1b,30,44.089600
cta_quiver_sift1b_q2_ef45_pw1,cta,Quiver,sift1b,31,45.158400
cta_quiver_sift1b_q2_ef45_pw1,cta,Quiver,sift1b,32,42.656000
cta_quiver_sift1b_q2_ef45_pw1,cta,Quiver,sift1b,33,45.875200
cta_quiver_sift1b_q2_ef45_pw1,cta,Quiver,sift1b,34,50.028800
cta_quiver_sift1b_q2_ef45_pw1,cta,Quiver,sift1b,35,74.092800
cta_quiver_sift1b_q2_ef45_pw1,cta,Quiver,sift1b,36,53.657600
cta_quiver_sift1b_q2_ef45_pw1,cta,Quiver,sift1b,37,37.888000
cta_quiver_sift1b_q2_ef45_pw1,cta,Quiver,sift1b,38,43.065600
cta_quiver_sift1b_q2_ef45_pw1,cta,Quiver,sift1b,39,44.704000
cta_quiver_sift1b_q2_ef45_pw1,cta,Quiver,sift1b,40,35.737600
cta_quiver_sift1b_q2_ef45_pw1,cta,Quiver,sift1b,41,47.411200
cta_quiver_sift1b_q2_ef45_pw1,cta,Quiver,sift1b,42,48.128000
cta_quiver_sift1b_q2_ef45_pw1,cta,Quiver,sift1b,43,47.513600
cta_quiver_sift1b_q2_ef45_pw1,cta,Quiver,sift1b,44,49.561600
cta_quiver_sift1b_q2_ef45_pw1,cta,Quiver,sift1b,45,45.670400
cta_quiver_sift1b_q2_ef45_pw1,cta,Quiver,sift1b,46,50.278400
cta_quiver_sift1b_q2_ef45_pw1,cta,Quiver,sift1b,47,47.206400
cta_quiver_sift1b_q2_ef45_pw1,cta,Quiver,sift1b,48,43.622400
cta_quiver_sift1b_q2_ef45_pw1,cta,Quiver,sift1b,49,61.849600
cta_quiver_sift1b_q2_ef45_pw1,cta,Quiver,sift1b,50,50.585600
cta_quiver_sift1b_q2_ef45_pw1,cta,Quiver,sift1b,51,50.233600
cta_quiver_sift1b_q2_ef45_pw1,cta,Quiver,sift1b,52,43.315200
cta_quiver_sift1b_q2_ef45_pw1,cta,Quiver,sift1b,53,50.790400
cta_quiver_sift1b_q2_ef45_pw1,cta,Quiver,sift1b,54,61.088000
cta_quiver_sift1b_q2_ef45_pw1,cta,Quiver,sift1b,55,41.324800
cta_quiver_sift1b_q2_ef45_pw1,cta,Quiver,sift1b,56,62.566400
cta_quiver_sift1b_q2_ef45_pw1,cta,Quiver,sift1b,57,58.118400
cta_quiver_sift1b_q2_ef45_pw1,cta,Quiver,sift1b,58,72.864000
cta_quiver_sift1b_q2_ef45_pw1,cta,Quiver,sift1b,59,71.270400
cta_quiver_sift1b_q2_ef45_pw1,cta,Quiver,sift1b,60,48.697600
cta_quiver_sift1b_q2_ef45_pw1,cta,Quiver,sift1b,61,44.499200
cta_quiver_sift1b_q2_ef45_pw1,cta,Quiver,sift1b,62,37.683200
cta_quiver_sift1b_q2_ef45_pw1,cta,Quiver,sift1b,63,42.393600
cta_quiver_sift1b_q2_ef45_pw1,cta,Quiver,sift1b,64,55.763200
cta_quiver_sift1b_q2_ef45_pw1,cta,Quiver,sift1b,65,43.884800
cta_quiver_sift1b_q2_ef45_pw1,cta,Quiver,sift1b,66,59.859200
cta_quiver_sift1b_q2_ef45_pw1,cta,Quiver,sift1b,67,41.427200
cta_quiver_sift1b_q2_ef45_pw1,cta,Quiver,sift1b,68,64.774400
cta_quiver_sift1b_q2_ef45_pw1,cta,Quiver,sift1b,69,40.755200
cta_quiver_sift1b_q2_ef45_pw1,cta,Quiver,sift1b,70,42.803200
cta_quiver_sift1b_q2_ef45_pw1,cta,Quiver,sift1b,71,47.820800
cta_quiver_sift1b_q2_ef45_pw1,cta,Quiver,sift1b,72,43.929600
cta_quiver_sift1b_q2_ef45_pw1,cta,Quiver,sift1b,73,44.646400
cta_quiver_sift1b_q2_ef45_pw1,cta,Quiver,sift1b,74,48.800000
cta_quiver_sift1b_q2_ef45_pw1,cta,Quiver,sift1b,75,68.300800
cta_quiver_sift1b_q2_ef45_pw1,cta,Quiver,sift1b,76,45.932800
cta_quiver_sift1b_q2_ef45_pw1,cta,Quiver,sift1b,77,59.187200
cta_quiver_sift1b_q2_ef45_pw1,cta,Quiver,sift1b,78,45.772800
cta_quiver_sift1b_q2_ef45_pw1,cta,Quiver,sift1b,79,46.899200
cta_quiver_sift1b_q2_ef45_pw1,cta,Quiver,sift1b,80,45.465600
cta_quiver_sift1b_q2_ef45_pw1,cta,Quiver,sift1b,81,54.579200
cta_quiver_sift1b_q2_ef45_pw1,cta,Quiver,sift1b,82,49.664000
cta_quiver_sift1b_q2_ef45_pw1,cta,Quiver,sift1b,83,49.254400
cta_quiver_sift1b_q2_ef45_pw1,cta,Quiver,sift1b,84,43.315200
cta_quiver_sift1b_q2_ef45_pw1,cta,Quiver,sift1b,85,40.345600
cta_quiver_sift1b_q2_ef45_pw1,cta,Quiver,sift1b,86,45.875200
cta_quiver_sift1b_q2_ef45_pw1,cta,Quiver,sift1b,87,45.113600
cta_quiver_sift1b_q2_ef45_pw1,cta,Quiver,sift1b,88,44.953600
cta_quiver_sift1b_q2_ef45_pw1,cta,Quiver,sift1b,89,46.240000
cta_quiver_sift1b_q2_ef45_pw1,cta,Quiver,sift1b,90,52.384000
cta_quiver_sift1b_q2_ef45_pw1,cta,Quiver,sift1b,91,50.278400
cta_quiver_sift1b_q2_ef45_pw1,cta,Quiver,sift1b,92,48.288000
cta_quiver_sift1b_q2_ef45_pw1,cta,Quiver,sift1b,93,46.489600
cta_quiver_sift1b_q2_ef45_pw1,cta,Quiver,sift1b,94,55.251200
cta_quiver_sift1b_q2_ef45_pw1,cta,Quiver,sift1b,95,48.537600
cta_quiver_sift1b_q2_ef45_pw1,cta,Quiver,sift1b,96,49.721600
cta_quiver_sift1b_q2_ef45_pw1,cta,Quiver,sift1b,97,43.270400
cta_quiver_sift1b_q2_ef45_pw1,cta,Quiver,sift1b,98,35.840000
cta_quiver_sift1b_q2_ef45_pw1,cta,Quiver,sift1b,99,49.721600
cta_quiver_sift1b_q2_ef45_pw1,cta,Quiver,sift1b,100,52.486400
cta_quiver_sift1b_q2_ef45_pw1,cta,Quiver,sift1b,101,60.780800
cta_quiver_sift1b_q2_ef45_pw1,cta,Quiver,sift1b,102,51.916800
cta_quiver_sift1b_q2_ef45_pw1,cta,Quiver,sift1b,103,46.796800
cta_quiver_sift1b_q2_ef45_pw1,cta,Quiver,sift1b,104,59.756800
cta_quiver_sift1b_q2_ef45_pw1,cta,Quiver,sift1b,105,66.048000
cta_quiver_sift1b_q2_ef45_pw1,cta,Quiver,sift1b,106,52.691200
cta_quiver_sift1b_q2_ef45_pw1,cta,Quiver,sift1b,107,45.260800
cta_quiver_sift1b_q2_ef45_pw1,cta,Quiver,sift1b,108,51.974400
cta_quiver_sift1b_q2_ef45_pw1,cta,Quiver,sift1b,109,39.628800
cta_quiver_sift1b_q2_ef45_pw1,cta,Quiver,sift1b,110,49.868800
cta_quiver_sift1b_q2_ef45_pw1,cta,Quiver,sift1b,111,48.844800
cta_quiver_sift1b_q2_ef45_pw1,cta,Quiver,sift1b,112,52.076800
cta_quiver_sift1b_q2_ef45_pw1,cta,Quiver,sift1b,113,47.104000
cta_quiver_sift1b_q2_ef45_pw1,cta,Quiver,sift1b,114,40.448000
cta_quiver_sift1b_q2_ef45_pw1,cta,Quiver,sift1b,115,42.700800
cta_quiver_sift1b_q2_ef45_pw1,cta,Quiver,sift1b,116,53.964800
cta_quiver_sift1b_q2_ef45_pw1,cta,Quiver,sift1b,117,49.312000
cta_quiver_sift1b_q2_ef45_pw1,cta,Quiver,sift1b,118,45.260800
cta_quiver_sift1b_q2_ef45_pw1,cta,Quiver,sift1b,119,43.929600
cta_quiver_sift1b_q2_ef45_pw1,cta,Quiver,sift1b,120,46.796800
cta_quiver_sift1b_q2_ef45_pw1,cta,Quiver,sift1b,121,47.513600
cta_quiver_sift1b_q2_ef45_pw1,cta,Quiver,sift1b,122,49.868800
cta_quiver_sift1b_q2_ef45_pw1,cta,Quiver,sift1b,123,45.568000
cta_quiver_sift1b_q2_ef45_pw1,cta,Quiver,sift1b,124,60.064000
cta_quiver_sift1b_q2_ef45_pw1,cta,Quiver,sift1b,125,42.496000
cta_quiver_sift1b_q2_ef45_pw1,cta,Quiver,sift1b,126,52.019200
cta_quiver_sift1b_q2_ef45_pw1,cta,Quiver,sift1b,127,42.086400
cta_quiver_sift1b_q2_ef45_pw1,cta,Quiver,sift1b,128,46.752000
cta_quiver_sift1b_q2_ef45_pw1,cta,Quiver,sift1b,129,44.339200
cta_quiver_sift1b_q2_ef45_pw1,cta,Quiver,sift1b,130,52.281600
cta_quiver_sift1b_q2_ef45_pw1,cta,Quiver,sift1b,131,48.844800
cta_quiver_sift1b_q2_ef45_pw1,cta,Quiver,sift1b,132,46.342400
cta_quiver_sift1b_q2_ef45_pw1,cta,Quiver,sift1b,133,56.729600
cta_quiver_sift1b_q2_ef45_pw1,cta,Quiver,sift1b,134,46.796800
cta_quiver_sift1b_q2_ef45_pw1,cta,Quiver,sift1b,135,53.043200
cta_quiver_sift1b_q2_ef45_pw1,cta,Quiver,sift1b,136,41.881600
cta_quiver_sift1b_q2_ef45_pw1,cta,Quiver,sift1b,137,48.025600
cta_quiver_sift1b_q2_ef45_pw1,cta,Quiver,sift1b,138,40.198400
cta_quiver_sift1b_q2_ef45_pw1,cta,Quiver,sift1b,139,50.848000
cta_quiver_sift1b_q2_ef45_pw1,cta,Quiver,sift1b,140,44.953600
cta_quiver_sift1b_q2_ef45_pw1,cta,Quiver,sift1b,141,58.777600
cta_quiver_sift1b_q2_ef45_pw1,cta,Quiver,sift1b,142,59.596800
cta_quiver_sift1b_q2_ef45_pw1,cta,Quiver,sift1b,143,54.227200
cta_quiver_sift1b_q2_ef45_pw1,cta,Quiver,sift1b,144,45.932800
cta_quiver_sift1b_q2_ef45_pw1,cta,Quiver,sift1b,145,46.240000
cta_quiver_sift1b_q2_ef45_pw1,cta,Quiver,sift1b,146,57.811200
cta_quiver_sift1b_q2_ef45_pw1,cta,Quiver,sift1b,147,47.776000
cta_quiver_sift1b_q2_ef45_pw1,cta,Quiver,sift1b,148,47.718400
cta_quiver_sift1b_q2_ef45_pw1,cta,Quiver,sift1b,149,37.068800
cta_quiver_sift1b_q2_ef45_pw1,cta,Quiver,sift1b,150,66.969600
cta_quiver_sift1b_q2_ef45_pw1,cta,Quiver,sift1b,151,46.694400
cta_quiver_sift1b_q2_ef45_pw1,cta,Quiver,sift1b,152,39.731200
cta_quiver_sift1b_q2_ef45_pw1,cta,Quiver,sift1b,153,45.113600
cta_quiver_sift1b_q2_ef45_pw1,cta,Quiver,sift1b,154,43.929600
cta_quiver_sift1b_q2_ef45_pw1,cta,Quiver,sift1b,155,44.544000
cta_quiver_sift1b_q2_ef45_pw1,cta,Quiver,sift1b,156,45.977600
cta_quiver_sift1b_q2_ef45_pw1,cta,Quiver,sift1b,157,58.060800
cta_quiver_sift1b_q2_ef45_pw1,cta,Quiver,sift1b,158,37.273600
cta_quiver_sift1b_q2_ef45_pw1,cta,Quiver,sift1b,159,50.176000
cta_quiver_sift1b_q2_ef45_pw1,cta,Quiver,sift1b,160,47.411200
cta_quiver_sift1b_q2_ef45_pw1,cta,Quiver,sift1b,161,62.931200
cta_quiver_sift1b_q2_ef45_pw1,cta,Quiver,sift1b,162,41.267200
cta_quiver_sift1b_q2_ef45_pw1,cta,Quiver,sift1b,163,49.926400
cta_quiver_sift1b_q2_ef45_pw1,cta,Quiver,sift1b,164,41.427200
cta_quiver_sift1b_q2_ef45_pw1,cta,Quiver,sift1b,165,54.886400
cta_quiver_sift1b_q2_ef45_pw1,cta,Quiver,sift1b,166,54.476800
cta_quiver_sift1b_q2_ef45_pw1,cta,Quiver,sift1b,167,53.920000
cta_quiver_sift1b_q2_ef45_pw1,cta,Quiver,sift1b,168,44.134400
cta_quiver_sift1b_q2_ef45_pw1,cta,Quiver,sift1b,169,52.121600
cta_quiver_sift1b_q2_ef45_pw1,cta,Quiver,sift1b,170,47.923200
cta_quiver_sift1b_q2_ef45_pw1,cta,Quiver,sift1b,171,53.203200
cta_quiver_sift1b_q2_ef45_pw1,cta,Quiver,sift1b,172,64.876800
cta_quiver_sift1b_q2_ef45_pw1,cta,Quiver,sift1b,173,43.520000
cta_quiver_sift1b_q2_ef45_pw1,cta,Quiver,sift1b,174,45.977600
cta_quiver_sift1b_q2_ef45_pw1,cta,Quiver,sift1b,175,57.446400
cta_quiver_sift1b_q2_ef45_pw1,cta,Quiver,sift1b,176,54.784000
cta_quiver_sift1b_q2_ef45_pw1,cta,Quiver,sift1b,177,49.721600
cta_quiver_sift1b_q2_ef45_pw1,cta,Quiver,sift1b,178,56.729600
cta_quiver_sift1b_q2_ef45_pw1,cta,Quiver,sift1b,179,39.833600
cta_quiver_sift1b_q2_ef45_pw1,cta,Quiver,sift1b,180,44.441600
cta_quiver_sift1b_q2_ef45_pw1,cta,Quiver,sift1b,181,41.529600
cta_quiver_sift1b_q2_ef45_pw1,cta,Quiver,sift1b,182,42.144000
cta_quiver_sift1b_q2_ef45_pw1,cta,Quiver,sift1b,183,46.342400
cta_quiver_sift1b_q2_ef45_pw1,cta,Quiver,sift1b,184,53.305600
cta_quiver_sift1b_q2_ef45_pw1,cta,Quiver,sift1b,185,42.700800
cta_quiver_sift1b_q2_ef45_pw1,cta,Quiver,sift1b,186,47.616000
cta_quiver_sift1b_q2_ef45_pw1,cta,Quiver,sift1b,187,52.281600
cta_quiver_sift1b_q2_ef45_pw1,cta,Quiver,sift1b,188,48.025600
cta_quiver_sift1b_q2_ef45_pw1,cta,Quiver,sift1b,189,42.700800
cta_quiver_sift1b_q2_ef45_pw1,cta,Quiver,sift1b,190,43.520000
cta_quiver_sift1b_q2_ef45_pw1,cta,Quiver,sift1b,191,56.582400
cta_quiver_sift1b_q2_ef45_pw1,cta,Quiver,sift1b,192,49.049600
cta_quiver_sift1b_q2_ef45_pw1,cta,Quiver,sift1b,193,53.350400
cta_quiver_sift1b_q2_ef45_pw1,cta,Quiver,sift1b,194,45.158400
cta_quiver_sift1b_q2_ef45_pw1,cta,Quiver,sift1b,195,51.097600
cta_quiver_sift1b_q2_ef45_pw1,cta,Quiver,sift1b,196,57.446400
cta_quiver_sift1b_q2_ef45_pw1,cta,Quiver,sift1b,197,48.083200
cta_quiver_sift1b_q2_ef45_pw1,cta,Quiver,sift1b,198,43.212800
cta_quiver_sift1b_q2_ef45_pw1,cta,Quiver,sift1b,199,48.640000
cta_quiver_sift1b_q4_ef45_pw1,cta,Quiver,sift1b,0,75.980800
cta_quiver_sift1b_q4_ef45_pw1,cta,Quiver,sift1b,1,100.000000
cta_quiver_sift1b_q4_ef45_pw1,cta,Quiver,sift1b,2,100.000000
cta_quiver_sift1b_q4_ef45_pw1,cta,Quiver,sift1b,3,100.000000
cta_quiver_sift1b_q4_ef45_pw1,cta,Quiver,sift1b,4,100.000000
cta_quiver_sift1b_q4_ef45_pw1,cta,Quiver,sift1b,5,100.000000
cta_quiver_sift1b_q4_ef45_pw1,cta,Quiver,sift1b,6,100.000000
cta_quiver_sift1b_q4_ef45_pw1,cta,Quiver,sift1b,7,100.000000
cta_quiver_sift1b_q4_ef45_pw1,cta,Quiver,sift1b,8,100.000000
cta_quiver_sift1b_q4_ef45_pw1,cta,Quiver,sift1b,9,100.000000
cta_quiver_sift1b_q4_ef45_pw1,cta,Quiver,sift1b,10,100.000000
cta_quiver_sift1b_q4_ef45_pw1,cta,Quiver,sift1b,11,100.000000
cta_quiver_sift1b_q4_ef45_pw1,cta,Quiver,sift1b,12,100.000000
cta_quiver_sift1b_q4_ef45_pw1,cta,Quiver,sift1b,13,100.000000
cta_quiver_sift1b_q4_ef45_pw1,cta,Quiver,sift1b,14,100.000000
cta_quiver_sift1b_q4_ef45_pw1,cta,Quiver,sift1b,15,100.000000
cta_quiver_sift1b_q4_ef45_pw1,cta,Quiver,sift1b,16,100.000000
cta_quiver_sift1b_q4_ef45_pw1,cta,Quiver,sift1b,17,100.000000
cta_quiver_sift1b_q4_ef45_pw1,cta,Quiver,sift1b,18,100.000000
cta_quiver_sift1b_q4_ef45_pw1,cta,Quiver,sift1b,19,100.000000
cta_quiver_sift1b_q4_ef45_pw1,cta,Quiver,sift1b,20,100.000000
cta_quiver_sift1b_q4_ef45_pw1,cta,Quiver,sift1b,21,100.000000
cta_quiver_sift1b_q4_ef45_pw1,cta,Quiver,sift1b,22,100.000000
cta_quiver_sift1b_q4_ef45_pw1,cta,Quiver,sift1b,23,100.000000
cta_quiver_sift1b_q4_ef45_pw1,cta,Quiver,sift1b,24,100.000000
cta_quiver_sift1b_q4_ef45_pw1,cta,Quiver,sift1b,25,100.000000
cta_quiver_sift1b_q4_ef45_pw1,cta,Quiver,sift1b,26,100.000000
cta_quiver_sift1b_q4_ef45_pw1,cta,Quiver,sift1b,27,100.000000
cta_quiver_sift1b_q4_ef45_pw1,cta,Quiver,sift1b,28,100.000000
cta_quiver_sift1b_q4_ef45_pw1,cta,Quiver,sift1b,29,100.000000
cta_quiver_sift1b_q4_ef45_pw1,cta,Quiver,sift1b,30,100.000000
cta_quiver_sift1b_q4_ef45_pw1,cta,Quiver,sift1b,31,100.000000
cta_quiver_sift1b_q4_ef45_pw1,cta,Quiver,sift1b,32,96.211200
cta_quiver_sift1b_q4_ef45_pw1,cta,Quiver,sift1b,33,100.000000
cta_quiver_sift1b_q4_ef45_pw1,cta,Quiver,sift1b,34,100.000000
cta_quiver_sift1b_q4_ef45_pw1,cta,Quiver,sift1b,35,100.000000
cta_quiver_sift1b_q4_ef45_pw1,cta,Quiver,sift1b,36,100.000000
cta_quiver_sift1b_q4_ef45_pw1,cta,Quiver,sift1b,37,100.000000
cta_quiver_sift1b_q4_ef45_pw1,cta,Quiver,sift1b,38,100.000000
cta_quiver_sift1b_q4_ef45_pw1,cta,Quiver,sift1b,39,100.000000
cta_quiver_sift1b_q4_ef45_pw1,cta,Quiver,sift1b,40,100.000000
cta_quiver_sift1b_q4_ef45_pw1,cta,Quiver,sift1b,41,100.000000
cta_quiver_sift1b_q4_ef45_pw1,cta,Quiver,sift1b,42,100.000000
cta_quiver_sift1b_q4_ef45_pw1,cta,Quiver,sift1b,43,100.000000
cta_quiver_sift1b_q4_ef45_pw1,cta,Quiver,sift1b,44,100.000000
cta_quiver_sift1b_q4_ef45_pw1,cta,Quiver,sift1b,45,100.000000
cta_quiver_sift1b_q4_ef45_pw1,cta,Quiver,sift1b,46,100.000000
cta_quiver_sift1b_q4_ef45_pw1,cta,Quiver,sift1b,47,100.000000
cta_quiver_sift1b_q4_ef45_pw1,cta,Quiver,sift1b,48,100.000000
cta_quiver_sift1b_q4_ef45_pw1,cta,Quiver,sift1b,49,100.000000
cta_quiver_sift1b_q4_ef45_pw1,cta,Quiver,sift1b,50,100.000000
cta_quiver_sift1b_q4_ef45_pw1,cta,Quiver,sift1b,51,100.000000
cta_quiver_sift1b_q4_ef45_pw1,cta,Quiver,sift1b,52,100.000000
cta_quiver_sift1b_q4_ef45_pw1,cta,Quiver,sift1b,53,100.000000
cta_quiver_sift1b_q4_ef45_pw1,cta,Quiver,sift1b,54,100.000000
cta_quiver_sift1b_q4_ef45_pw1,cta,Quiver,sift1b,55,100.000000
cta_quiver_sift1b_q4_ef45_pw1,cta,Quiver,sift1b,56,100.000000
cta_quiver_sift1b_q4_ef45_pw1,cta,Quiver,sift1b,57,100.000000
cta_quiver_sift1b_q4_ef45_pw1,cta,Quiver,sift1b,58,100.000000
cta_quiver_sift1b_q4_ef45_pw1,cta,Quiver,sift1b,59,100.000000
cta_quiver_sift1b_q4_ef45_pw1,cta,Quiver,sift1b,60,100.000000
cta_quiver_sift1b_q4_ef45_pw1,cta,Quiver,sift1b,61,100.000000
cta_quiver_sift1b_q4_ef45_pw1,cta,Quiver,sift1b,62,100.000000
cta_quiver_sift1b_q4_ef45_pw1,cta,Quiver,sift1b,63,100.000000
cta_quiver_sift1b_q4_ef45_pw1,cta,Quiver,sift1b,64,100.000000
cta_quiver_sift1b_q4_ef45_pw1,cta,Quiver,sift1b,65,100.000000
cta_quiver_sift1b_q4_ef45_pw1,cta,Quiver,sift1b,66,100.000000
cta_quiver_sift1b_q4_ef45_pw1,cta,Quiver,sift1b,67,100.000000
cta_quiver_sift1b_q4_ef45_pw1,cta,Quiver,sift1b,68,100.000000
cta_quiver_sift1b_q4_ef45_pw1,cta,Quiver,sift1b,69,100.000000
cta_quiver_sift1b_q4_ef45_pw1,cta,Quiver,sift1b,70,100.000000
cta_quiver_sift1b_q4_ef45_pw1,cta,Quiver,sift1b,71,100.000000
cta_quiver_sift1b_q4_ef45_pw1,cta,Quiver,sift1b,72,100.000000
cta_quiver_sift1b_q4_ef45_pw1,cta,Quiver,sift1b,73,100.000000
cta_quiver_sift1b_q4_ef45_pw1,cta,Quiver,sift1b,74,100.000000
cta_quiver_sift1b_q4_ef45_pw1,cta,Quiver,sift1b,75,100.000000
cta_quiver_sift1b_q4_ef45_pw1,cta,Quiver,sift1b,76,100.000000
cta_quiver_sift1b_q4_ef45_pw1,cta,Quiver,sift1b,77,100.000000
cta_quiver_sift1b_q4_ef45_pw1,cta,Quiver,sift1b,78,100.000000
cta_quiver_sift1b_q4_ef45_pw1,cta,Quiver,sift1b,79,100.000000
cta_quiver_sift1b_q4_ef45_pw1,cta,Quiver,sift1b,80,100.000000
cta_quiver_sift1b_q4_ef45_pw1,cta,Quiver,sift1b,81,100.000000
cta_quiver_sift1b_q4_ef45_pw1,cta,Quiver,sift1b,82,100.000000
cta_quiver_sift1b_q4_ef45_pw1,cta,Quiver,sift1b,83,100.000000
cta_quiver_sift1b_q4_ef45_pw1,cta,Quiver,sift1b,84,100.000000
cta_quiver_sift1b_q4_ef45_pw1,cta,Quiver,sift1b,85,93.958400
cta_quiver_sift1b_q4_ef45_pw1,cta,Quiver,sift1b,86,100.000000
cta_quiver_sift1b_q4_ef45_pw1,cta,Quiver,sift1b,87,100.000000
cta_quiver_sift1b_q4_ef45_pw1,cta,Quiver,sift1b,88,100.000000
cta_quiver_sift1b_q4_ef45_pw1,cta,Quiver,sift1b,89,100.000000
cta_quiver_sift1b_q4_ef45_pw1,cta,Quiver,sift1b,90,100.000000
cta_quiver_sift1b_q4_ef45_pw1,cta,Quiver,sift1b,91,100.000000
cta_quiver_sift1b_q4_ef45_pw1,cta,Quiver,sift1b,92,100.000000
cta_quiver_sift1b_q4_ef45_pw1,cta,Quiver,sift1b,93,100.000000
cta_quiver_sift1b_q4_ef45_pw1,cta,Quiver,sift1b,94,100.000000
cta_quiver_sift1b_q4_ef45_pw1,cta,Quiver,sift1b,95,100.000000
cta_quiver_sift1b_q4_ef45_pw1,cta,Quiver,sift1b,96,100.000000
cta_quiver_sift1b_q4_ef45_pw1,cta,Quiver,sift1b,97,100.000000
cta_quiver_sift1b_q4_ef45_pw1,cta,Quiver,sift1b,98,100.000000
cta_quiver_sift1b_q4_ef45_pw1,cta,Quiver,sift1b,99,100.000000
cta_quiver_sift1b_q4_ef45_pw1,cta,Quiver,sift1b,100,100.000000
cta_quiver_sift1b_q4_ef45_pw1,cta,Quiver,sift1b,101,100.000000
cta_quiver_sift1b_q4_ef45_pw1,cta,Quiver,sift1b,102,100.000000
cta_quiver_sift1b_q4_ef45_pw1,cta,Quiver,sift1b,103,100.000000
cta_quiver_sift1b_q4_ef45_pw1,cta,Quiver,sift1b,104,100.000000
cta_quiver_sift1b_q4_ef45_pw1,cta,Quiver,sift1b,105,100.000000
cta_quiver_sift1b_q4_ef45_pw1,cta,Quiver,sift1b,106,100.000000
cta_quiver_sift1b_q4_ef45_pw1,cta,Quiver,sift1b,107,100.000000
cta_quiver_sift1b_q4_ef45_pw1,cta,Quiver,sift1b,108,100.000000
cta_quiver_sift1b_q4_ef45_pw1,cta,Quiver,sift1b,109,100.000000
cta_quiver_sift1b_q4_ef45_pw1,cta,Quiver,sift1b,110,100.000000
cta_quiver_sift1b_q4_ef45_pw1,cta,Quiver,sift1b,111,100.000000
cta_quiver_sift1b_q4_ef45_pw1,cta,Quiver,sift1b,112,100.000000
cta_quiver_sift1b_q4_ef45_pw1,cta,Quiver,sift1b,113,100.000000
cta_quiver_sift1b_q4_ef45_pw1,cta,Quiver,sift1b,114,100.000000
cta_quiver_sift1b_q4_ef45_pw1,cta,Quiver,sift1b,115,100.000000
cta_quiver_sift1b_q4_ef45_pw1,cta,Quiver,sift1b,116,100.000000
cta_quiver_sift1b_q4_ef45_pw1,cta,Quiver,sift1b,117,100.000000
cta_quiver_sift1b_q4_ef45_pw1,cta,Quiver,sift1b,118,100.000000
cta_quiver_sift1b_q4_ef45_pw1,cta,Quiver,sift1b,119,100.000000
cta_quiver_sift1b_q4_ef45_pw1,cta,Quiver,sift1b,120,100.000000
cta_quiver_sift1b_q4_ef45_pw1,cta,Quiver,sift1b,121,100.000000
cta_quiver_sift1b_q4_ef45_pw1,cta,Quiver,sift1b,122,100.000000
cta_quiver_sift1b_q4_ef45_pw1,cta,Quiver,sift1b,123,100.000000
cta_quiver_sift1b_q4_ef45_pw1,cta,Quiver,sift1b,124,100.000000
cta_quiver_sift1b_q4_ef45_pw1,cta,Quiver,sift1b,125,100.000000
cta_quiver_sift1b_q4_ef45_pw1,cta,Quiver,sift1b,126,100.000000
cta_quiver_sift1b_q4_ef45_pw1,cta,Quiver,sift1b,127,100.000000
cta_quiver_sift1b_q4_ef45_pw1,cta,Quiver,sift1b,128,100.000000
cta_quiver_sift1b_q4_ef45_pw1,cta,Quiver,sift1b,129,100.000000
cta_quiver_sift1b_q4_ef45_pw1,cta,Quiver,sift1b,130,100.000000
cta_quiver_sift1b_q4_ef45_pw1,cta,Quiver,sift1b,131,100.000000
cta_quiver_sift1b_q4_ef45_pw1,cta,Quiver,sift1b,132,100.000000
cta_quiver_sift1b_q4_ef45_pw1,cta,Quiver,sift1b,133,100.000000
cta_quiver_sift1b_q4_ef45_pw1,cta,Quiver,sift1b,134,100.000000
cta_quiver_sift1b_q4_ef45_pw1,cta,Quiver,sift1b,135,100.000000
cta_quiver_sift1b_q4_ef45_pw1,cta,Quiver,sift1b,136,100.000000
cta_quiver_sift1b_q4_ef45_pw1,cta,Quiver,sift1b,137,100.000000
cta_quiver_sift1b_q4_ef45_pw1,cta,Quiver,sift1b,138,100.000000
cta_quiver_sift1b_q4_ef45_pw1,cta,Quiver,sift1b,139,100.000000
cta_quiver_sift1b_q4_ef45_pw1,cta,Quiver,sift1b,140,100.000000
cta_quiver_sift1b_q4_ef45_pw1,cta,Quiver,sift1b,141,100.000000
cta_quiver_sift1b_q4_ef45_pw1,cta,Quiver,sift1b,142,100.000000
cta_quiver_sift1b_q4_ef45_pw1,cta,Quiver,sift1b,143,100.000000
cta_quiver_sift1b_q4_ef45_pw1,cta,Quiver,sift1b,144,100.000000
cta_quiver_sift1b_q4_ef45_pw1,cta,Quiver,sift1b,145,100.000000
cta_quiver_sift1b_q4_ef45_pw1,cta,Quiver,sift1b,146,100.000000
cta_quiver_sift1b_q4_ef45_pw1,cta,Quiver,sift1b,147,100.000000
cta_quiver_sift1b_q4_ef45_pw1,cta,Quiver,sift1b,148,100.000000
cta_quiver_sift1b_q4_ef45_pw1,cta,Quiver,sift1b,149,100.000000
cta_quiver_sift1b_q4_ef45_pw1,cta,Quiver,sift1b,150,100.000000
cta_quiver_sift1b_q4_ef45_pw1,cta,Quiver,sift1b,151,100.000000
cta_quiver_sift1b_q4_ef45_pw1,cta,Quiver,sift1b,152,100.000000
cta_quiver_sift1b_q4_ef45_pw1,cta,Quiver,sift1b,153,100.000000
cta_quiver_sift1b_q4_ef45_pw1,cta,Quiver,sift1b,154,100.000000
cta_quiver_sift1b_q4_ef45_pw1,cta,Quiver,sift1b,155,100.000000
cta_quiver_sift1b_q4_ef45_pw1,cta,Quiver,sift1b,156,100.000000
cta_quiver_sift1b_q4_ef45_pw1,cta,Quiver,sift1b,157,100.000000
cta_quiver_sift1b_q4_ef45_pw1,cta,Quiver,sift1b,158,100.000000
cta_quiver_sift1b_q4_ef45_pw1,cta,Quiver,sift1b,159,100.000000
cta_quiver_sift1b_q4_ef45_pw1,cta,Quiver,sift1b,160,100.000000
cta_quiver_sift1b_q4_ef45_pw1,cta,Quiver,sift1b,161,100.000000
cta_quiver_sift1b_q4_ef45_pw1,cta,Quiver,sift1b,162,100.000000
cta_quiver_sift1b_q4_ef45_pw1,cta,Quiver,sift1b,163,100.000000
cta_quiver_sift1b_q4_ef45_pw1,cta,Quiver,sift1b,164,100.000000
cta_quiver_sift1b_q4_ef45_pw1,cta,Quiver,sift1b,165,100.000000
cta_quiver_sift1b_q4_ef45_pw1,cta,Quiver,sift1b,166,100.000000
cta_quiver_sift1b_q4_ef45_pw1,cta,Quiver,sift1b,167,100.000000
cta_quiver_sift1b_q4_ef45_pw1,cta,Quiver,sift1b,168,100.000000
cta_quiver_sift1b_q4_ef45_pw1,cta,Quiver,sift1b,169,100.000000
cta_quiver_sift1b_q4_ef45_pw1,cta,Quiver,sift1b,170,100.000000
cta_quiver_sift1b_q4_ef45_pw1,cta,Quiver,sift1b,171,100.000000
cta_quiver_sift1b_q4_ef45_pw1,cta,Quiver,sift1b,172,100.000000
cta_quiver_sift1b_q4_ef45_pw1,cta,Quiver,sift1b,173,100.000000
cta_quiver_sift1b_q4_ef45_pw1,cta,Quiver,sift1b,174,100.000000
cta_quiver_sift1b_q4_ef45_pw1,cta,Quiver,sift1b,175,100.000000
cta_quiver_sift1b_q4_ef45_pw1,cta,Quiver,sift1b,176,100.000000
cta_quiver_sift1b_q4_ef45_pw1,cta,Quiver,sift1b,177,100.000000
cta_quiver_sift1b_q4_ef45_pw1,cta,Quiver,sift1b,178,100.000000
cta_quiver_sift1b_q4_ef45_pw1,cta,Quiver,sift1b,179,100.000000
cta_quiver_sift1b_q4_ef45_pw1,cta,Quiver,sift1b,180,100.000000
cta_quiver_sift1b_q4_ef45_pw1,cta,Quiver,sift1b,181,100.000000
cta_quiver_sift1b_q4_ef45_pw1,cta,Quiver,sift1b,182,100.000000
cta_quiver_sift1b_q4_ef45_pw1,cta,Quiver,sift1b,183,100.000000
cta_quiver_sift1b_q4_ef45_pw1,cta,Quiver,sift1b,184,100.000000
cta_quiver_sift1b_q4_ef45_pw1,cta,Quiver,sift1b,185,100.000000
cta_quiver_sift1b_q4_ef45_pw1,cta,Quiver,sift1b,186,100.000000
cta_quiver_sift1b_q4_ef45_pw1,cta,Quiver,sift1b,187,100.000000
cta_quiver_sift1b_q4_ef45_pw1,cta,Quiver,sift1b,188,100.000000
cta_quiver_sift1b_q4_ef45_pw1,cta,Quiver,sift1b,189,100.000000
cta_quiver_sift1b_q4_ef45_pw1,cta,Quiver,sift1b,190,100.000000
cta_quiver_sift1b_q4_ef45_pw1,cta,Quiver,sift1b,191,100.000000
cta_quiver_sift1b_q4_ef45_pw1,cta,Quiver,sift1b,192,100.000000
cta_quiver_sift1b_q4_ef45_pw1,cta,Quiver,sift1b,193,100.000000
cta_quiver_sift1b_q4_ef45_pw1,cta,Quiver,sift1b,194,100.000000
cta_quiver_sift1b_q4_ef45_pw1,cta,Quiver,sift1b,195,100.000000
cta_quiver_sift1b_q4_ef45_pw1,cta,Quiver,sift1b,196,100.000000
cta_quiver_sift1b_q4_ef45_pw1,cta,Quiver,sift1b,197,100.000000
cta_quiver_sift1b_q4_ef45_pw1,cta,Quiver,sift1b,198,100.000000
cta_quiver_sift1b_q4_ef45_pw1,cta,Quiver,sift1b,199,69.222400
cta_quiver_sift1b_q6_ef45_pw1,cta,Quiver,sift1b,0,100.000000
cta_quiver_sift1b_q6_ef45_pw1,cta,Quiver,sift1b,1,100.000000
cta_quiver_sift1b_q6_ef45_pw1,cta,Quiver,sift1b,2,100.000000
cta_quiver_sift1b_q6_ef45_pw1,cta,Quiver,sift1b,3,100.000000
cta_quiver_sift1b_q6_ef45_pw1,cta,Quiver,sift1b,4,100.000000
cta_quiver_sift1b_q6_ef45_pw1,cta,Quiver,sift1b,5,100.000000
cta_quiver_sift1b_q6_ef45_pw1,cta,Quiver,sift1b,6,100.000000
cta_quiver_sift1b_q6_ef45_pw1,cta,Quiver,sift1b,7,100.000000
cta_quiver_sift1b_q6_ef45_pw1,cta,Quiver,sift1b,8,100.000000
cta_quiver_sift1b_q6_ef45_pw1,cta,Quiver,sift1b,9,100.000000
cta_quiver_sift1b_q6_ef45_pw1,cta,Quiver,sift1b,10,100.000000
cta_quiver_sift1b_q6_ef45_pw1,cta,Quiver,sift1b,11,100.000000
cta_quiver_sift1b_q6_ef45_pw1,cta,Quiver,sift1b,12,100.000000
cta_quiver_sift1b_q6_ef45_pw1,cta,Quiver,sift1b,13,100.000000
cta_quiver_sift1b_q6_ef45_pw1,cta,Quiver,sift1b,14,100.000000
cta_quiver_sift1b_q6_ef45_pw1,cta,Quiver,sift1b,15,100.000000
cta_quiver_sift1b_q6_ef45_pw1,cta,Quiver,sift1b,16,100.000000
cta_quiver_sift1b_q6_ef45_pw1,cta,Quiver,sift1b,17,100.000000
cta_quiver_sift1b_q6_ef45_pw1,cta,Quiver,sift1b,18,100.000000
cta_quiver_sift1b_q6_ef45_pw1,cta,Quiver,sift1b,19,100.000000
cta_quiver_sift1b_q6_ef45_pw1,cta,Quiver,sift1b,20,100.000000
cta_quiver_sift1b_q6_ef45_pw1,cta,Quiver,sift1b,21,100.000000
cta_quiver_sift1b_q6_ef45_pw1,cta,Quiver,sift1b,22,100.000000
cta_quiver_sift1b_q6_ef45_pw1,cta,Quiver,sift1b,23,100.000000
cta_quiver_sift1b_q6_ef45_pw1,cta,Quiver,sift1b,24,100.000000
cta_quiver_sift1b_q6_ef45_pw1,cta,Quiver,sift1b,25,100.000000
cta_quiver_sift1b_q6_ef45_pw1,cta,Quiver,sift1b,26,100.000000
cta_quiver_sift1b_q6_ef45_pw1,cta,Quiver,sift1b,27,100.000000
cta_quiver_sift1b_q6_ef45_pw1,cta,Quiver,sift1b,28,100.000000
cta_quiver_sift1b_q6_ef45_pw1,cta,Quiver,sift1b,29,100.000000
cta_quiver_sift1b_q6_ef45_pw1,cta,Quiver,sift1b,30,100.000000
cta_quiver_sift1b_q6_ef45_pw1,cta,Quiver,sift1b,31,100.000000
cta_quiver_sift1b_q6_ef45_pw1,cta,Quiver,sift1b,32,100.000000
cta_quiver_sift1b_q6_ef45_pw1,cta,Quiver,sift1b,33,100.000000
cta_quiver_sift1b_q6_ef45_pw1,cta,Quiver,sift1b,34,100.000000
cta_quiver_sift1b_q6_ef45_pw1,cta,Quiver,sift1b,35,100.000000
cta_quiver_sift1b_q6_ef45_pw1,cta,Quiver,sift1b,36,100.000000
cta_quiver_sift1b_q6_ef45_pw1,cta,Quiver,sift1b,37,100.000000
cta_quiver_sift1b_q6_ef45_pw1,cta,Quiver,sift1b,38,100.000000
cta_quiver_sift1b_q6_ef45_pw1,cta,Quiver,sift1b,39,100.000000
cta_quiver_sift1b_q6_ef45_pw1,cta,Quiver,sift1b,40,100.000000
cta_quiver_sift1b_q6_ef45_pw1,cta,Quiver,sift1b,41,100.000000
cta_quiver_sift1b_q6_ef45_pw1,cta,Quiver,sift1b,42,100.000000
cta_quiver_sift1b_q6_ef45_pw1,cta,Quiver,sift1b,43,100.000000
cta_quiver_sift1b_q6_ef45_pw1,cta,Quiver,sift1b,44,100.000000
cta_quiver_sift1b_q6_ef45_pw1,cta,Quiver,sift1b,45,100.000000
cta_quiver_sift1b_q6_ef45_pw1,cta,Quiver,sift1b,46,100.000000
cta_quiver_sift1b_q6_ef45_pw1,cta,Quiver,sift1b,47,100.000000
cta_quiver_sift1b_q6_ef45_pw1,cta,Quiver,sift1b,48,100.000000
cta_quiver_sift1b_q6_ef45_pw1,cta,Quiver,sift1b,49,100.000000
cta_quiver_sift1b_q6_ef45_pw1,cta,Quiver,sift1b,50,100.000000
cta_quiver_sift1b_q6_ef45_pw1,cta,Quiver,sift1b,51,100.000000
cta_quiver_sift1b_q6_ef45_pw1,cta,Quiver,sift1b,52,100.000000
cta_quiver_sift1b_q6_ef45_pw1,cta,Quiver,sift1b,53,100.000000
cta_quiver_sift1b_q6_ef45_pw1,cta,Quiver,sift1b,54,100.000000
cta_quiver_sift1b_q6_ef45_pw1,cta,Quiver,sift1b,55,100.000000
cta_quiver_sift1b_q6_ef45_pw1,cta,Quiver,sift1b,56,100.000000
cta_quiver_sift1b_q6_ef45_pw1,cta,Quiver,sift1b,57,100.000000
cta_quiver_sift1b_q6_ef45_pw1,cta,Quiver,sift1b,58,100.000000
cta_quiver_sift1b_q6_ef45_pw1,cta,Quiver,sift1b,59,100.000000
cta_quiver_sift1b_q6_ef45_pw1,cta,Quiver,sift1b,60,100.000000
cta_quiver_sift1b_q6_ef45_pw1,cta,Quiver,sift1b,61,100.000000
cta_quiver_sift1b_q6_ef45_pw1,cta,Quiver,sift1b,62,100.000000
cta_quiver_sift1b_q6_ef45_pw1,cta,Quiver,sift1b,63,100.000000
cta_quiver_sift1b_q6_ef45_pw1,cta,Quiver,sift1b,64,100.000000
cta_quiver_sift1b_q6_ef45_pw1,cta,Quiver,sift1b,65,100.000000
cta_quiver_sift1b_q6_ef45_pw1,cta,Quiver,sift1b,66,100.000000
cta_quiver_sift1b_q6_ef45_pw1,cta,Quiver,sift1b,67,100.000000
cta_quiver_sift1b_q6_ef45_pw1,cta,Quiver,sift1b,68,100.000000
cta_quiver_sift1b_q6_ef45_pw1,cta,Quiver,sift1b,69,100.000000
cta_quiver_sift1b_q6_ef45_pw1,cta,Quiver,sift1b,70,100.000000
cta_quiver_sift1b_q6_ef45_pw1,cta,Quiver,sift1b,71,100.000000
cta_quiver_sift1b_q6_ef45_pw1,cta,Quiver,sift1b,72,100.000000
cta_quiver_sift1b_q6_ef45_pw1,cta,Quiver,sift1b,73,100.000000
cta_quiver_sift1b_q6_ef45_pw1,cta,Quiver,sift1b,74,100.000000
cta_quiver_sift1b_q6_ef45_pw1,cta,Quiver,sift1b,75,100.000000
cta_quiver_sift1b_q6_ef45_pw1,cta,Quiver,sift1b,76,100.000000
cta_quiver_sift1b_q6_ef45_pw1,cta,Quiver,sift1b,77,100.000000
cta_quiver_sift1b_q6_ef45_pw1,cta,Quiver,sift1b,78,100.000000
cta_quiver_sift1b_q6_ef45_pw1,cta,Quiver,sift1b,79,100.000000
cta_quiver_sift1b_q6_ef45_pw1,cta,Quiver,sift1b,80,100.000000
cta_quiver_sift1b_q6_ef45_pw1,cta,Quiver,sift1b,81,100.000000
cta_quiver_sift1b_q6_ef45_pw1,cta,Quiver,sift1b,82,100.000000
cta_quiver_sift1b_q6_ef45_pw1,cta,Quiver,sift1b,83,100.000000
cta_quiver_sift1b_q6_ef45_pw1,cta,Quiver,sift1b,84,100.000000
cta_quiver_sift1b_q6_ef45_pw1,cta,Quiver,sift1b,85,100.000000
cta_quiver_sift1b_q6_ef45_pw1,cta,Quiver,sift1b,86,100.000000
cta_quiver_sift1b_q6_ef45_pw1,cta,Quiver,sift1b,87,100.000000
cta_quiver_sift1b_q6_ef45_pw1,cta,Quiver,sift1b,88,100.000000
cta_quiver_sift1b_q6_ef45_pw1,cta,Quiver,sift1b,89,100.000000
cta_quiver_sift1b_q6_ef45_pw1,cta,Quiver,sift1b,90,100.000000
cta_quiver_sift1b_q6_ef45_pw1,cta,Quiver,sift1b,91,100.000000
cta_quiver_sift1b_q6_ef45_pw1,cta,Quiver,sift1b,92,100.000000
cta_quiver_sift1b_q6_ef45_pw1,cta,Quiver,sift1b,93,100.000000
cta_quiver_sift1b_q6_ef45_pw1,cta,Quiver,sift1b,94,100.000000
cta_quiver_sift1b_q6_ef45_pw1,cta,Quiver,sift1b,95,100.000000
cta_quiver_sift1b_q6_ef45_pw1,cta,Quiver,sift1b,96,100.000000
cta_quiver_sift1b_q6_ef45_pw1,cta,Quiver,sift1b,97,100.000000
cta_quiver_sift1b_q6_ef45_pw1,cta,Quiver,sift1b,98,100.000000
cta_quiver_sift1b_q6_ef45_pw1,cta,Quiver,sift1b,99,100.000000
cta_quiver_sift1b_q6_ef45_pw1,cta,Quiver,sift1b,100,100.000000
cta_quiver_sift1b_q6_ef45_pw1,cta,Quiver,sift1b,101,100.000000
cta_quiver_sift1b_q6_ef45_pw1,cta,Quiver,sift1b,102,100.000000
cta_quiver_sift1b_q6_ef45_pw1,cta,Quiver,sift1b,103,100.000000
cta_quiver_sift1b_q6_ef45_pw1,cta,Quiver,sift1b,104,100.000000
cta_quiver_sift1b_q6_ef45_pw1,cta,Quiver,sift1b,105,100.000000
cta_quiver_sift1b_q6_ef45_pw1,cta,Quiver,sift1b,106,100.000000
cta_quiver_sift1b_q6_ef45_pw1,cta,Quiver,sift1b,107,100.000000
cta_quiver_sift1b_q6_ef45_pw1,cta,Quiver,sift1b,108,100.000000
cta_quiver_sift1b_q6_ef45_pw1,cta,Quiver,sift1b,109,100.000000
cta_quiver_sift1b_q6_ef45_pw1,cta,Quiver,sift1b,110,100.000000
cta_quiver_sift1b_q6_ef45_pw1,cta,Quiver,sift1b,111,100.000000
cta_quiver_sift1b_q6_ef45_pw1,cta,Quiver,sift1b,112,100.000000
cta_quiver_sift1b_q6_ef45_pw1,cta,Quiver,sift1b,113,100.000000
cta_quiver_sift1b_q6_ef45_pw1,cta,Quiver,sift1b,114,100.000000
cta_quiver_sift1b_q6_ef45_pw1,cta,Quiver,sift1b,115,100.000000
cta_quiver_sift1b_q6_ef45_pw1,cta,Quiver,sift1b,116,100.000000
cta_quiver_sift1b_q6_ef45_pw1,cta,Quiver,sift1b,117,100.000000
cta_quiver_sift1b_q6_ef45_pw1,cta,Quiver,sift1b,118,100.000000
cta_quiver_sift1b_q6_ef45_pw1,cta,Quiver,sift1b,119,100.000000
cta_quiver_sift1b_q6_ef45_pw1,cta,Quiver,sift1b,120,100.000000
cta_quiver_sift1b_q6_ef45_pw1,cta,Quiver,sift1b,121,100.000000
cta_quiver_sift1b_q6_ef45_pw1,cta,Quiver,sift1b,122,100.000000
cta_quiver_sift1b_q6_ef45_pw1,cta,Quiver,sift1b,123,100.000000
cta_quiver_sift1b_q6_ef45_pw1,cta,Quiver,sift1b,124,100.000000
cta_quiver_sift1b_q6_ef45_pw1,cta,Quiver,sift1b,125,100.000000
cta_quiver_sift1b_q6_ef45_pw1,cta,Quiver,sift1b,126,100.000000
cta_quiver_sift1b_q6_ef45_pw1,cta,Quiver,sift1b,127,100.000000
cta_quiver_sift1b_q6_ef45_pw1,cta,Quiver,sift1b,128,100.000000
cta_quiver_sift1b_q6_ef45_pw1,cta,Quiver,sift1b,129,100.000000
cta_quiver_sift1b_q6_ef45_pw1,cta,Quiver,sift1b,130,100.000000
cta_quiver_sift1b_q6_ef45_pw1,cta,Quiver,sift1b,131,100.000000
cta_quiver_sift1b_q6_ef45_pw1,cta,Quiver,sift1b,132,100.000000
cta_quiver_sift1b_q6_ef45_pw1,cta,Quiver,sift1b,133,100.000000
cta_quiver_sift1b_q6_ef45_pw1,cta,Quiver,sift1b,134,100.000000
cta_quiver_sift1b_q6_ef45_pw1,cta,Quiver,sift1b,135,100.000000
cta_quiver_sift1b_q6_ef45_pw1,cta,Quiver,sift1b,136,100.000000
cta_quiver_sift1b_q6_ef45_pw1,cta,Quiver,sift1b,137,100.000000
cta_quiver_sift1b_q6_ef45_pw1,cta,Quiver,sift1b,138,100.000000
cta_quiver_sift1b_q6_ef45_pw1,cta,Quiver,sift1b,139,100.000000
cta_quiver_sift1b_q6_ef45_pw1,cta,Quiver,sift1b,140,100.000000
cta_quiver_sift1b_q6_ef45_pw1,cta,Quiver,sift1b,141,100.000000
cta_quiver_sift1b_q6_ef45_pw1,cta,Quiver,sift1b,142,100.000000
cta_quiver_sift1b_q6_ef45_pw1,cta,Quiver,sift1b,143,100.000000
cta_quiver_sift1b_q6_ef45_pw1,cta,Quiver,sift1b,144,100.000000
cta_quiver_sift1b_q6_ef45_pw1,cta,Quiver,sift1b,145,100.000000
cta_quiver_sift1b_q6_ef45_pw1,cta,Quiver,sift1b,146,100.000000
cta_quiver_sift1b_q6_ef45_pw1,cta,Quiver,sift1b,147,100.000000
cta_quiver_sift1b_q6_ef45_pw1,cta,Quiver,sift1b,148,100.000000
cta_quiver_sift1b_q6_ef45_pw1,cta,Quiver,sift1b,149,100.000000
cta_quiver_sift1b_q6_ef45_pw1,cta,Quiver,sift1b,150,100.000000
cta_quiver_sift1b_q6_ef45_pw1,cta,Quiver,sift1b,151,100.000000
cta_quiver_sift1b_q6_ef45_pw1,cta,Quiver,sift1b,152,100.000000
cta_quiver_sift1b_q6_ef45_pw1,cta,Quiver,sift1b,153,100.000000
cta_quiver_sift1b_q6_ef45_pw1,cta,Quiver,sift1b,154,100.000000
cta_quiver_sift1b_q6_ef45_pw1,cta,Quiver,sift1b,155,100.000000
cta_quiver_sift1b_q6_ef45_pw1,cta,Quiver,sift1b,156,100.000000
cta_quiver_sift1b_q6_ef45_pw1,cta,Quiver,sift1b,157,100.000000
cta_quiver_sift1b_q6_ef45_pw1,cta,Quiver,sift1b,158,100.000000
cta_quiver_sift1b_q6_ef45_pw1,cta,Quiver,sift1b,159,100.000000
cta_quiver_sift1b_q6_ef45_pw1,cta,Quiver,sift1b,160,100.000000
cta_quiver_sift1b_q6_ef45_pw1,cta,Quiver,sift1b,161,100.000000
cta_quiver_sift1b_q6_ef45_pw1,cta,Quiver,sift1b,162,100.000000
cta_quiver_sift1b_q6_ef45_pw1,cta,Quiver,sift1b,163,100.000000
cta_quiver_sift1b_q6_ef45_pw1,cta,Quiver,sift1b,164,100.000000
cta_quiver_sift1b_q6_ef45_pw1,cta,Quiver,sift1b,165,100.000000
cta_quiver_sift1b_q6_ef45_pw1,cta,Quiver,sift1b,166,100.000000
cta_quiver_sift1b_q6_ef45_pw1,cta,Quiver,sift1b,167,100.000000
cta_quiver_sift1b_q6_ef45_pw1,cta,Quiver,sift1b,168,100.000000
cta_quiver_sift1b_q6_ef45_pw1,cta,Quiver,sift1b,169,100.000000
cta_quiver_sift1b_q6_ef45_pw1,cta,Quiver,sift1b,170,100.000000
cta_quiver_sift1b_q6_ef45_pw1,cta,Quiver,sift1b,171,100.000000
cta_quiver_sift1b_q6_ef45_pw1,cta,Quiver,sift1b,172,100.000000
cta_quiver_sift1b_q6_ef45_pw1,cta,Quiver,sift1b,173,100.000000
cta_quiver_sift1b_q6_ef45_pw1,cta,Quiver,sift1b,174,100.000000
cta_quiver_sift1b_q6_ef45_pw1,cta,Quiver,sift1b,175,100.000000
cta_quiver_sift1b_q6_ef45_pw1,cta,Quiver,sift1b,176,100.000000
cta_quiver_sift1b_q6_ef45_pw1,cta,Quiver,sift1b,177,100.000000
cta_quiver_sift1b_q6_ef45_pw1,cta,Quiver,sift1b,178,100.000000
cta_quiver_sift1b_q6_ef45_pw1,cta,Quiver,sift1b,179,100.000000
cta_quiver_sift1b_q6_ef45_pw1,cta,Quiver,sift1b,180,100.000000
cta_quiver_sift1b_q6_ef45_pw1,cta,Quiver,sift1b,181,100.000000
cta_quiver_sift1b_q6_ef45_pw1,cta,Quiver,sift1b,182,100.000000
cta_quiver_sift1b_q6_ef45_pw1,cta,Quiver,sift1b,183,100.000000
cta_quiver_sift1b_q6_ef45_pw1,cta,Quiver,sift1b,184,100.000000
cta_quiver_sift1b_q6_ef45_pw1,cta,Quiver,sift1b,185,100.000000
cta_quiver_sift1b_q6_ef45_pw1,cta,Quiver,sift1b,186,100.000000
cta_quiver_sift1b_q6_ef45_pw1,cta,Quiver,sift1b,187,100.000000
cta_quiver_sift1b_q6_ef45_pw1,cta,Quiver,sift1b,188,100.000000
cta_quiver_sift1b_q6_ef45_pw1,cta,Quiver,sift1b,189,100.000000
cta_quiver_sift1b_q6_ef45_pw1,cta,Quiver,sift1b,190,100.000000
cta_quiver_sift1b_q6_ef45_pw1,cta,Quiver,sift1b,191,100.000000
cta_quiver_sift1b_q6_ef45_pw1,cta,Quiver,sift1b,192,100.000000
cta_quiver_sift1b_q6_ef45_pw1,cta,Quiver,sift1b,193,100.000000
cta_quiver_sift1b_q6_ef45_pw1,cta,Quiver,sift1b,194,100.000000
cta_quiver_sift1b_q6_ef45_pw1,cta,Quiver,sift1b,195,100.000000
cta_quiver_sift1b_q6_ef45_pw1,cta,Quiver,sift1b,196,100.000000
cta_quiver_sift1b_q6_ef45_pw1,cta,Quiver,sift1b,197,100.000000
cta_quiver_sift1b_q6_ef45_pw1,cta,Quiver,sift1b,198,100.000000
cta_quiver_sift1b_q6_ef45_pw1,cta,Quiver,sift1b,199,100.000000
cta_quiver_sift1b_q8_ef45_pw1,cta,Quiver,sift1b,0,100.000000
cta_quiver_sift1b_q8_ef45_pw1,cta,Quiver,sift1b,1,100.000000
cta_quiver_sift1b_q8_ef45_pw1,cta,Quiver,sift1b,2,100.000000
cta_quiver_sift1b_q8_ef45_pw1,cta,Quiver,sift1b,3,100.000000
cta_quiver_sift1b_q8_ef45_pw1,cta,Quiver,sift1b,4,100.000000
cta_quiver_sift1b_q8_ef45_pw1,cta,Quiver,sift1b,5,100.000000
cta_quiver_sift1b_q8_ef45_pw1,cta,Quiver,sift1b,6,100.000000
cta_quiver_sift1b_q8_ef45_pw1,cta,Quiver,sift1b,7,100.000000
cta_quiver_sift1b_q8_ef45_pw1,cta,Quiver,sift1b,8,100.000000
cta_quiver_sift1b_q8_ef45_pw1,cta,Quiver,sift1b,9,100.000000
cta_quiver_sift1b_q8_ef45_pw1,cta,Quiver,sift1b,10,100.000000
cta_quiver_sift1b_q8_ef45_pw1,cta,Quiver,sift1b,11,100.000000
cta_quiver_sift1b_q8_ef45_pw1,cta,Quiver,sift1b,12,100.000000
cta_quiver_sift1b_q8_ef45_pw1,cta,Quiver,sift1b,13,100.000000
cta_quiver_sift1b_q8_ef45_pw1,cta,Quiver,sift1b,14,100.000000
cta_quiver_sift1b_q8_ef45_pw1,cta,Quiver,sift1b,15,100.000000
cta_quiver_sift1b_q8_ef45_pw1,cta,Quiver,sift1b,16,100.000000
cta_quiver_sift1b_q8_ef45_pw1,cta,Quiver,sift1b,17,100.000000
cta_quiver_sift1b_q8_ef45_pw1,cta,Quiver,sift1b,18,100.000000
cta_quiver_sift1b_q8_ef45_pw1,cta,Quiver,sift1b,19,100.000000
cta_quiver_sift1b_q8_ef45_pw1,cta,Quiver,sift1b,20,100.000000
cta_quiver_sift1b_q8_ef45_pw1,cta,Quiver,sift1b,21,100.000000
cta_quiver_sift1b_q8_ef45_pw1,cta,Quiver,sift1b,22,100.000000
cta_quiver_sift1b_q8_ef45_pw1,cta,Quiver,sift1b,23,100.000000
cta_quiver_sift1b_q8_ef45_pw1,cta,Quiver,sift1b,24,100.000000
cta_quiver_sift1b_q8_ef45_pw1,cta,Quiver,sift1b,25,100.000000
cta_quiver_sift1b_q8_ef45_pw1,cta,Quiver,sift1b,26,100.000000
cta_quiver_sift1b_q8_ef45_pw1,cta,Quiver,sift1b,27,100.000000
cta_quiver_sift1b_q8_ef45_pw1,cta,Quiver,sift1b,28,100.000000
cta_quiver_sift1b_q8_ef45_pw1,cta,Quiver,sift1b,29,100.000000
cta_quiver_sift1b_q8_ef45_pw1,cta,Quiver,sift1b,30,100.000000
cta_quiver_sift1b_q8_ef45_pw1,cta,Quiver,sift1b,31,100.000000
cta_quiver_sift1b_q8_ef45_pw1,cta,Quiver,sift1b,32,100.000000
cta_quiver_sift1b_q8_ef45_pw1,cta,Quiver,sift1b,33,100.000000
cta_quiver_sift1b_q8_ef45_pw1,cta,Quiver,sift1b,34,100.000000
cta_quiver_sift1b_q8_ef45_pw1,cta,Quiver,sift1b,35,100.000000
cta_quiver_sift1b_q8_ef45_pw1,cta,Quiver,sift1b,36,100.000000
cta_quiver_sift1b_q8_ef45_pw1,cta,Quiver,sift1b,37,100.000000
cta_quiver_sift1b_q8_ef45_pw1,cta,Quiver,sift1b,38,100.000000
cta_quiver_sift1b_q8_ef45_pw1,cta,Quiver,sift1b,39,100.000000
cta_quiver_sift1b_q8_ef45_pw1,cta,Quiver,sift1b,40,100.000000
cta_quiver_sift1b_q8_ef45_pw1,cta,Quiver,sift1b,41,100.000000
cta_quiver_sift1b_q8_ef45_pw1,cta,Quiver,sift1b,42,100.000000
cta_quiver_sift1b_q8_ef45_pw1,cta,Quiver,sift1b,43,100.000000
cta_quiver_sift1b_q8_ef45_pw1,cta,Quiver,sift1b,44,100.000000
cta_quiver_sift1b_q8_ef45_pw1,cta,Quiver,sift1b,45,100.000000
cta_quiver_sift1b_q8_ef45_pw1,cta,Quiver,sift1b,46,100.000000
cta_quiver_sift1b_q8_ef45_pw1,cta,Quiver,sift1b,47,100.000000
cta_quiver_sift1b_q8_ef45_pw1,cta,Quiver,sift1b,48,100.000000
cta_quiver_sift1b_q8_ef45_pw1,cta,Quiver,sift1b,49,100.000000
cta_quiver_sift1b_q8_ef45_pw1,cta,Quiver,sift1b,50,100.000000
cta_quiver_sift1b_q8_ef45_pw1,cta,Quiver,sift1b,51,100.000000
cta_quiver_sift1b_q8_ef45_pw1,cta,Quiver,sift1b,52,100.000000
cta_quiver_sift1b_q8_ef45_pw1,cta,Quiver,sift1b,53,100.000000
cta_quiver_sift1b_q8_ef45_pw1,cta,Quiver,sift1b,54,100.000000
cta_quiver_sift1b_q8_ef45_pw1,cta,Quiver,sift1b,55,100.000000
cta_quiver_sift1b_q8_ef45_pw1,cta,Quiver,sift1b,56,100.000000
cta_quiver_sift1b_q8_ef45_pw1,cta,Quiver,sift1b,57,100.000000
cta_quiver_sift1b_q8_ef45_pw1,cta,Quiver,sift1b,58,100.000000
cta_quiver_sift1b_q8_ef45_pw1,cta,Quiver,sift1b,59,100.000000
cta_quiver_sift1b_q8_ef45_pw1,cta,Quiver,sift1b,60,100.000000
cta_quiver_sift1b_q8_ef45_pw1,cta,Quiver,sift1b,61,100.000000
cta_quiver_sift1b_q8_ef45_pw1,cta,Quiver,sift1b,62,100.000000
cta_quiver_sift1b_q8_ef45_pw1,cta,Quiver,sift1b,63,100.000000
cta_quiver_sift1b_q8_ef45_pw1,cta,Quiver,sift1b,64,100.000000
cta_quiver_sift1b_q8_ef45_pw1,cta,Quiver,sift1b,65,100.000000
cta_quiver_sift1b_q8_ef45_pw1,cta,Quiver,sift1b,66,100.000000
cta_quiver_sift1b_q8_ef45_pw1,cta,Quiver,sift1b,67,100.000000
cta_quiver_sift1b_q8_ef45_pw1,cta,Quiver,sift1b,68,100.000000
cta_quiver_sift1b_q8_ef45_pw1,cta,Quiver,sift1b,69,100.000000
cta_quiver_sift1b_q8_ef45_pw1,cta,Quiver,sift1b,70,100.000000
cta_quiver_sift1b_q8_ef45_pw1,cta,Quiver,sift1b,71,100.000000
cta_quiver_sift1b_q8_ef45_pw1,cta,Quiver,sift1b,72,100.000000
cta_quiver_sift1b_q8_ef45_pw1,cta,Quiver,sift1b,73,100.000000
cta_quiver_sift1b_q8_ef45_pw1,cta,Quiver,sift1b,74,100.000000
cta_quiver_sift1b_q8_ef45_pw1,cta,Quiver,sift1b,75,100.000000
cta_quiver_sift1b_q8_ef45_pw1,cta,Quiver,sift1b,76,100.000000
cta_quiver_sift1b_q8_ef45_pw1,cta,Quiver,sift1b,77,100.000000
cta_quiver_sift1b_q8_ef45_pw1,cta,Quiver,sift1b,78,100.000000
cta_quiver_sift1b_q8_ef45_pw1,cta,Quiver,sift1b,79,100.000000
cta_quiver_sift1b_q8_ef45_pw1,cta,Quiver,sift1b,80,100.000000
cta_quiver_sift1b_q8_ef45_pw1,cta,Quiver,sift1b,81,100.000000
cta_quiver_sift1b_q8_ef45_pw1,cta,Quiver,sift1b,82,100.000000
cta_quiver_sift1b_q8_ef45_pw1,cta,Quiver,sift1b,83,100.000000
cta_quiver_sift1b_q8_ef45_pw1,cta,Quiver,sift1b,84,100.000000
cta_quiver_sift1b_q8_ef45_pw1,cta,Quiver,sift1b,85,100.000000
cta_quiver_sift1b_q8_ef45_pw1,cta,Quiver,sift1b,86,100.000000
cta_quiver_sift1b_q8_ef45_pw1,cta,Quiver,sift1b,87,100.000000
cta_quiver_sift1b_q8_ef45_pw1,cta,Quiver,sift1b,88,100.000000
cta_quiver_sift1b_q8_ef45_pw1,cta,Quiver,sift1b,89,100.000000
cta_quiver_sift1b_q8_ef45_pw1,cta,Quiver,sift1b,90,100.000000
cta_quiver_sift1b_q8_ef45_pw1,cta,Quiver,sift1b,91,100.000000
cta_quiver_sift1b_q8_ef45_pw1,cta,Quiver,sift1b,92,100.000000
cta_quiver_sift1b_q8_ef45_pw1,cta,Quiver,sift1b,93,100.000000
cta_quiver_sift1b_q8_ef45_pw1,cta,Quiver,sift1b,94,100.000000
cta_quiver_sift1b_q8_ef45_pw1,cta,Quiver,sift1b,95,100.000000
cta_quiver_sift1b_q8_ef45_pw1,cta,Quiver,sift1b,96,100.000000
cta_quiver_sift1b_q8_ef45_pw1,cta,Quiver,sift1b,97,100.000000
cta_quiver_sift1b_q8_ef45_pw1,cta,Quiver,sift1b,98,100.000000
cta_quiver_sift1b_q8_ef45_pw1,cta,Quiver,sift1b,99,100.000000
cta_quiver_sift1b_q8_ef45_pw1,cta,Quiver,sift1b,100,100.000000
cta_quiver_sift1b_q8_ef45_pw1,cta,Quiver,sift1b,101,100.000000
cta_quiver_sift1b_q8_ef45_pw1,cta,Quiver,sift1b,102,100.000000
cta_quiver_sift1b_q8_ef45_pw1,cta,Quiver,sift1b,103,100.000000
cta_quiver_sift1b_q8_ef45_pw1,cta,Quiver,sift1b,104,100.000000
cta_quiver_sift1b_q8_ef45_pw1,cta,Quiver,sift1b,105,100.000000
cta_quiver_sift1b_q8_ef45_pw1,cta,Quiver,sift1b,106,100.000000
cta_quiver_sift1b_q8_ef45_pw1,cta,Quiver,sift1b,107,100.000000
cta_quiver_sift1b_q8_ef45_pw1,cta,Quiver,sift1b,108,100.000000
cta_quiver_sift1b_q8_ef45_pw1,cta,Quiver,sift1b,109,100.000000
cta_quiver_sift1b_q8_ef45_pw1,cta,Quiver,sift1b,110,100.000000
cta_quiver_sift1b_q8_ef45_pw1,cta,Quiver,sift1b,111,100.000000
cta_quiver_sift1b_q8_ef45_pw1,cta,Quiver,sift1b,112,100.000000
cta_quiver_sift1b_q8_ef45_pw1,cta,Quiver,sift1b,113,100.000000
cta_quiver_sift1b_q8_ef45_pw1,cta,Quiver,sift1b,114,100.000000
cta_quiver_sift1b_q8_ef45_pw1,cta,Quiver,sift1b,115,100.000000
cta_quiver_sift1b_q8_ef45_pw1,cta,Quiver,sift1b,116,100.000000
cta_quiver_sift1b_q8_ef45_pw1,cta,Quiver,sift1b,117,100.000000
cta_quiver_sift1b_q8_ef45_pw1,cta,Quiver,sift1b,118,100.000000
cta_quiver_sift1b_q8_ef45_pw1,cta,Quiver,sift1b,119,100.000000
cta_quiver_sift1b_q8_ef45_pw1,cta,Quiver,sift1b,120,100.000000
cta_quiver_sift1b_q8_ef45_pw1,cta,Quiver,sift1b,121,100.000000
cta_quiver_sift1b_q8_ef45_pw1,cta,Quiver,sift1b,122,100.000000
cta_quiver_sift1b_q8_ef45_pw1,cta,Quiver,sift1b,123,100.000000
cta_quiver_sift1b_q8_ef45_pw1,cta,Quiver,sift1b,124,100.000000
cta_quiver_sift1b_q8_ef45_pw1,cta,Quiver,sift1b,125,100.000000
cta_quiver_sift1b_q8_ef45_pw1,cta,Quiver,sift1b,126,100.000000
cta_quiver_sift1b_q8_ef45_pw1,cta,Quiver,sift1b,127,100.000000
cta_quiver_sift1b_q8_ef45_pw1,cta,Quiver,sift1b,128,100.000000
cta_quiver_sift1b_q8_ef45_pw1,cta,Quiver,sift1b,129,100.000000
cta_quiver_sift1b_q8_ef45_pw1,cta,Quiver,sift1b,130,100.000000
cta_quiver_sift1b_q8_ef45_pw1,cta,Quiver,sift1b,131,100.000000
cta_quiver_sift1b_q8_ef45_pw1,cta,Quiver,sift1b,132,100.000000
cta_quiver_sift1b_q8_ef45_pw1,cta,Quiver,sift1b,133,100.000000
cta_quiver_sift1b_q8_ef45_pw1,cta,Quiver,sift1b,134,100.000000
cta_quiver_sift1b_q8_ef45_pw1,cta,Quiver,sift1b,135,100.000000
cta_quiver_sift1b_q8_ef45_pw1,cta,Quiver,sift1b,136,100.000000
cta_quiver_sift1b_q8_ef45_pw1,cta,Quiver,sift1b,137,100.000000
cta_quiver_sift1b_q8_ef45_pw1,cta,Quiver,sift1b,138,100.000000
cta_quiver_sift1b_q8_ef45_pw1,cta,Quiver,sift1b,139,100.000000
cta_quiver_sift1b_q8_ef45_pw1,cta,Quiver,sift1b,140,100.000000
cta_quiver_sift1b_q8_ef45_pw1,cta,Quiver,sift1b,141,100.000000
cta_quiver_sift1b_q8_ef45_pw1,cta,Quiver,sift1b,142,100.000000
cta_quiver_sift1b_q8_ef45_pw1,cta,Quiver,sift1b,143,100.000000
cta_quiver_sift1b_q8_ef45_pw1,cta,Quiver,sift1b,144,100.000000
cta_quiver_sift1b_q8_ef45_pw1,cta,Quiver,sift1b,145,100.000000
cta_quiver_sift1b_q8_ef45_pw1,cta,Quiver,sift1b,146,100.000000
cta_quiver_sift1b_q8_ef45_pw1,cta,Quiver,sift1b,147,100.000000
cta_quiver_sift1b_q8_ef45_pw1,cta,Quiver,sift1b,148,100.000000
cta_quiver_sift1b_q8_ef45_pw1,cta,Quiver,sift1b,149,100.000000
cta_quiver_sift1b_q8_ef45_pw1,cta,Quiver,sift1b,150,100.000000
cta_quiver_sift1b_q8_ef45_pw1,cta,Quiver,sift1b,151,100.000000
cta_quiver_sift1b_q8_ef45_pw1,cta,Quiver,sift1b,152,100.000000
cta_quiver_sift1b_q8_ef45_pw1,cta,Quiver,sift1b,153,100.000000
cta_quiver_sift1b_q8_ef45_pw1,cta,Quiver,sift1b,154,100.000000
cta_quiver_sift1b_q8_ef45_pw1,cta,Quiver,sift1b,155,100.000000
cta_quiver_sift1b_q8_ef45_pw1,cta,Quiver,sift1b,156,100.000000
cta_quiver_sift1b_q8_ef45_pw1,cta,Quiver,sift1b,157,100.000000
cta_quiver_sift1b_q8_ef45_pw1,cta,Quiver,sift1b,158,100.000000
cta_quiver_sift1b_q8_ef45_pw1,cta,Quiver,sift1b,159,100.000000
cta_quiver_sift1b_q8_ef45_pw1,cta,Quiver,sift1b,160,100.000000
cta_quiver_sift1b_q8_ef45_pw1,cta,Quiver,sift1b,161,100.000000
cta_quiver_sift1b_q8_ef45_pw1,cta,Quiver,sift1b,162,100.000000
cta_quiver_sift1b_q8_ef45_pw1,cta,Quiver,sift1b,163,100.000000
cta_quiver_sift1b_q8_ef45_pw1,cta,Quiver,sift1b,164,100.000000
cta_quiver_sift1b_q8_ef45_pw1,cta,Quiver,sift1b,165,100.000000
cta_quiver_sift1b_q8_ef45_pw1,cta,Quiver,sift1b,166,100.000000
cta_quiver_sift1b_q8_ef45_pw1,cta,Quiver,sift1b,167,100.000000
cta_quiver_sift1b_q8_ef45_pw1,cta,Quiver,sift1b,168,100.000000
cta_quiver_sift1b_q8_ef45_pw1,cta,Quiver,sift1b,169,100.000000
cta_quiver_sift1b_q8_ef45_pw1,cta,Quiver,sift1b,170,100.000000
cta_quiver_sift1b_q8_ef45_pw1,cta,Quiver,sift1b,171,100.000000
cta_quiver_sift1b_q8_ef45_pw1,cta,Quiver,sift1b,172,100.000000
cta_quiver_sift1b_q8_ef45_pw1,cta,Quiver,sift1b,173,100.000000
cta_quiver_sift1b_q8_ef45_pw1,cta,Quiver,sift1b,174,100.000000
cta_quiver_sift1b_q8_ef45_pw1,cta,Quiver,sift1b,175,100.000000
cta_quiver_sift1b_q8_ef45_pw1,cta,Quiver,sift1b,176,100.000000
cta_quiver_sift1b_q8_ef45_pw1,cta,Quiver,sift1b,177,100.000000
cta_quiver_sift1b_q8_ef45_pw1,cta,Quiver,sift1b,178,100.000000
cta_quiver_sift1b_q8_ef45_pw1,cta,Quiver,sift1b,179,100.000000
cta_quiver_sift1b_q8_ef45_pw1,cta,Quiver,sift1b,180,100.000000
cta_quiver_sift1b_q8_ef45_pw1,cta,Quiver,sift1b,181,100.000000
cta_quiver_sift1b_q8_ef45_pw1,cta,Quiver,sift1b,182,100.000000
cta_quiver_sift1b_q8_ef45_pw1,cta,Quiver,sift1b,183,100.000000
cta_quiver_sift1b_q8_ef45_pw1,cta,Quiver,sift1b,184,100.000000
cta_quiver_sift1b_q8_ef45_pw1,cta,Quiver,sift1b,185,100.000000
cta_quiver_sift1b_q8_ef45_pw1,cta,Quiver,sift1b,186,100.000000
cta_quiver_sift1b_q8_ef45_pw1,cta,Quiver,sift1b,187,100.000000
cta_quiver_sift1b_q8_ef45_pw1,cta,Quiver,sift1b,188,100.000000
cta_quiver_sift1b_q8_ef45_pw1,cta,Quiver,sift1b,189,100.000000
cta_quiver_sift1b_q8_ef45_pw1,cta,Quiver,sift1b,190,100.000000
cta_quiver_sift1b_q8_ef45_pw1,cta,Quiver,sift1b,191,100.000000
cta_quiver_sift1b_q8_ef45_pw1,cta,Quiver,sift1b,192,100.000000
cta_quiver_sift1b_q8_ef45_pw1,cta,Quiver,sift1b,193,100.000000
cta_quiver_sift1b_q8_ef45_pw1,cta,Quiver,sift1b,194,100.000000
cta_quiver_sift1b_q8_ef45_pw1,cta,Quiver,sift1b,195,100.000000
cta_quiver_sift1b_q8_ef45_pw1,cta,Quiver,sift1b,196,100.000000
cta_quiver_sift1b_q8_ef45_pw1,cta,Quiver,sift1b,197,100.000000
cta_quiver_sift1b_q8_ef45_pw1,cta,Quiver,sift1b,198,100.000000
cta_quiver_sift1b_q8_ef45_pw1,cta,Quiver,sift1b,199,100.000000
